,Gene 1,Gene 2,Gene 3,Gene 4,Gene 5,Gene 6,Gene 7,Gene 8,Gene 9,Gene 10
0,8.102108021152125,6.854062755687659,10.125029918122083,2.0873842153035196,8.791698822746369,7.553706888299304,6.542366463297068,7.675818511879367,8.193161905567461,3.939859290502346
1,8.700654163503156,4.800217465371938,6.706872047164259,7.122141582078628,9.075984744088068,6.699378256458987,6.7893189050657865,10.060502677711305,10.622863297067031,7.703492074462615
2,7.778797594066433,6.970653622315024,8.464223840747968,6.636426560085823,7.9625088724120365,8.603246473144022,8.3128272998804,6.394109281152433,7.657507738326362,6.984802481297319
3,11.323723047953818,7.187270656923737,6.654696005749093,5.579793657464262,4.729830900623576,11.215663741952719,7.091453958596852,7.9171074008321,8.305464775467946,10.100255136478843
4,8.300170319955827,5.61252516885713,4.057719063362362,5.510920188621972,6.70754807327531,7.114584063246175,8.258475120811758,9.024212289433914,7.342704790305111,9.59325409568731
5,7.718101748585212,5.582670030856198,7.928184478421244,8.924428286978944,8.131629387451428,10.823780179706638,8.622690487839794,6.486306596121352,6.400595150226739,5.991068274107097
6,7.315634947241605,5.775578662593596,5.5713143823202795,8.993569571128695,9.43717999719233,8.91441341637443,5.599809343301353,5.618559669033004,7.35446664287774,9.492061976649907
7,5.859874113308648,6.755127572641839,9.170549779388011,10.12948390791192,10.277943971812864,9.25921898447752,5.549658059891863,6.041904388818667,7.635241531096169,9.100542088853127
8,5.255998987262245,7.837638440886662,6.374020009299603,10.326564639130448,8.6052374626862,8.8903677848556,4.467123415962542,7.32182662281147,9.88866774131553,4.569449097288098
9,4.391077091531164,6.441223148859208,9.184624906619046,4.5388229005856235,8.385600576530518,4.162803224267596,5.926478532394503,4.222650409826375,10.233559479059231,6.531570699317876
10,10.292760674285798,11.344072973733049,5.956219949108572,9.47232806090564,9.627650753148906,6.338011696574476,5.721390738563146,9.467687039824837,8.728619546882774,8.335687309427417
11,8.030648925695152,7.314116197352229,8.572633970780707,7.741224471414543,9.042419341432748,9.065194217793804,5.720145342138977,6.847381191206282,9.129552004107628,8.825452803851508
12,6.155642255825412,6.865732366797934,8.395240750603854,9.819061688237381,5.441789807667492,5.321678459482147,8.246589522231297,9.62437557636911,8.617910220996015,5.8197205800897
13,7.020891289960005,6.204770034004978,6.482905542079772,5.604162441289632,6.497598322775541,8.52537415620662,8.891380383160328,8.6855343124635,9.986335187821242,9.320300852003163
14,6.0943166364431285,9.442379026637937,12.033990848167678,5.676774788969902,9.04366899317839,6.5926343634755105,10.396622802657665,8.425384273047962,7.884090791841536,7.456337281872259
15,8.603821776122391,8.810516235545165,7.845374163015757,7.259165523545167,10.06924608357615,6.264810801461506,9.336798092547166,6.8976422147538115,10.508440140991901,6.62813761783873
16,8.72495477571023,3.907867152829111,7.023942776502569,7.672451525835295,10.29752267648569,8.566663142060888,8.518946169853288,10.07120730398553,5.100311310369456,11.150365882509938
17,5.01913448101108,6.931333299004342,5.433238442016381,11.71654991703692,7.347001003843632,7.388789052747077,9.894451060525647,8.354823667296248,4.649978584571345,10.138590605944088
18,10.674326000458334,8.20656252753716,10.91050927794314,8.502740881999904,8.649969419053761,9.164104044638142,5.804460085437741,12.674052973592095,8.399648415219175,8.681859419377766
19,8.291203329298153,9.383477339860608,7.991530431398039,9.584316417951134,8.771117313601836,7.027006823285717,5.753595559631696,4.868217319061484,3.651608384762136,9.650059648877972
20,5.997162775742995,5.765407320647309,6.96642036706875,9.944596135963161,9.742246956943552,8.202290524738853,8.534748879775638,3.519118847140299,8.620514068829522,7.746076282550984
21,7.476231618902076,6.537574865329092,8.25629078714319,8.99562540029305,6.515431368026357,6.786003203599908,8.159334086052827,4.558911494033028,9.954031313309814,8.47578635361949
22,7.398647355188681,7.288714190009595,7.525348679162149,7.606783952598906,8.58840896692511,10.623710488367623,7.910566792117518,8.504344984590302,6.771805873514537,7.871876610265197
23,5.669566172110422,8.379734702217675,7.827132475969799,7.5187401188885605,7.1049675959103835,8.474320109855219,7.103275332859162,9.337799608012347,7.0214858374973,7.2480628083863445
24,8.7201315097328,8.89203348631689,8.640037522717643,8.183186230789337,6.91549197259537,5.524220987562394,7.834604009949725,7.4910642369296205,7.662404632676835,7.644501474212877
25,6.169828104684886,7.238844800311658,6.609263189839393,10.245698171908002,9.021364282155483,6.610612809425548,8.870524906027802,6.2202541096078985,8.134483107841676,7.457900560366016
26,13.758628513506856,7.154418475046841,7.72003816784537,6.9488115523923355,5.839044609384916,5.13223132237641,5.755240813018939,7.564914386112367,8.310943283473263,7.17390256815268
27,5.011823289636803,7.90829770840751,5.666881289946945,9.38634546330587,8.70106615566598,8.244656643314185,6.903278224917349,8.861167817187008,9.177143890886402,6.887533674173158
28,2.4909830862535145,4.2515869015081265,7.341377338898428,9.406380891125893,8.33665608073024,7.614701971842721,5.8900085098363935,8.01709789087205,7.7308818564084545,7.738729483538014
29,7.717216201469031,9.564030486521197,8.707413988686149,9.885932766655399,5.158386688491388,5.032998557024391,9.296901315513159,7.75271266738968,7.3268929509925655,6.924083137941446
30,5.307685529230129,6.387743800806266,7.739919353005715,8.018938899999508,7.030147227278731,2.9392120855817847,8.169293220954852,7.583693638207158,9.021862836626552,7.203254512327585
31,11.018189389314657,8.903012568790903,9.137828067439482,7.586038805543576,7.068481795743863,10.358100235223048,9.852704061725287,8.060112164993088,3.999568780531964,7.1042096305677624
32,8.779628147602446,7.701719753275021,6.879302413248198,7.987261380441161,4.4322002430630425,9.475143927635436,5.239403399779229,6.716415272726336,7.364982488573905,9.589056479202165
33,7.943411320194063,11.321665558960781,7.040198890733972,7.122208768255347,7.367231813883865,8.726058869326732,7.492571646331069,8.13834305043886,4.143559887660737,6.6717298175636675
34,6.633742850214703,9.673262180157781,7.936274149094003,7.927217009870228,6.345146698708833,5.444867248388025,6.222141173372587,7.78534577267867,6.5584901180107815,3.230353930798938
35,6.362832031585491,5.025039497541634,9.287398564028985,6.106819073596696,8.329180061699487,9.560267454125245,6.032612980110768,8.527943493941397,8.933530125683141,8.338842163341383
36,9.949730639879121,5.950297420841324,8.653300574120378,7.8606363622911015,10.132382104371954,8.326681088168153,8.63179762245624,4.305504022610821,5.607795874021269,9.755138864286243
37,6.552525383897595,8.701498420256511,7.268818727217698,10.895540710192376,7.361319174922187,9.124453453763621,10.213912988677563,6.277608094585849,9.978193398944923,5.196731019048004
38,4.811850197214623,5.812313865490981,5.55292907802649,5.199695458229471,9.671991055478236,8.60851469848485,5.902939824633324,6.880768726109106,7.630217717874051,10.4714691407267
39,6.8551611257737495,5.833720359055675,7.741302361055158,11.359648475273826,5.371593153482816,5.472896593359853,3.8766315404076277,5.195341709093727,7.496235232608059,7.0271107383406655
40,7.542111329969704,10.214227272520807,11.045249332648309,8.184945602848039,10.156095515098253,8.704594171372406,7.248106983784914,5.806027950209966,8.852517402489442,6.882273938958876
41,2.999603057750516,6.591332435944111,7.634655694702209,1.7495356288863055,4.784574995430895,6.969878859552758,5.420908288070716,8.06854519529851,5.720724014893184,8.533448647198668
42,7.985180277751855,6.152466892448404,5.038149118960987,9.778502914108339,10.710094581260929,9.374052580575555,9.169869255347571,4.021186449025956,7.3867324513207695,5.2419326714437675
43,7.199142618793658,9.328610541138875,7.442876928496309,7.136509500476012,8.179727786218322,9.344788848793112,10.546462800366491,10.069573575454903,9.959309097703173,8.214016140086311
44,8.755550885556971,5.710104292188442,6.597321267789721,7.4209866910968,6.5665039854852765,7.216367520383903,8.368002656363906,8.399203029126076,4.960548084960483,7.57895570534331
45,4.338245143884961,11.02764493394341,5.327464841779983,3.9411995114998675,5.6138155124144,8.089224495606185,11.619411811365307,4.921031257127144,8.82236780401645,4.58326979985989
46,6.856804254992762,8.859370802109552,5.710861762911119,11.499272584503759,4.346984375937382,6.590704751274998,7.53590793448272,5.720576539117855,10.38631426424632,7.548129584688193
47,10.1675585593632,9.193217928882461,4.761899490133638,9.106298164447301,8.356080036823037,8.773224399236387,8.706173553302545,10.223611382083256,6.213377058789477,8.616206575986258
48,6.669879644823957,10.431300263469026,8.404048843609534,7.992893433513952,5.775220286729711,5.9191079700637745,7.161439981674394,8.955952981971235,12.492870178455945,5.5273664545604735
49,6.166064966725593,6.536318022037207,9.919687994085761,9.88172802253825,8.045426666172862,10.453917581608817,9.257194045285367,7.874069142402922,7.207536743395923,10.631483552932414
50,7.952731689223115,6.170967116161992,4.223333151027998,7.483652091353978,6.456451965464255,8.862459073842723,6.5740231057434055,9.059035799367916,6.674441876616918,9.016130866151526
51,3.4989154744983293,4.4437785740060995,8.082764943764492,5.314326282079496,9.06085678962128,5.3263523295582935,6.628974791766374,6.628904191587248,9.21744281539993,6.928596339837132
52,7.957676554358732,7.82671553325188,7.4123774326763385,3.1318118999743176,7.811218238309943,10.305853208066765,7.937314790064805,7.656868743169682,8.820387705348642,9.501725109345166
53,7.534733041490114,5.226221118262065,6.984951671719211,7.17837767063048,6.354268459616957,9.50954254501108,3.921635355930194,9.392744140266249,2.772019499157199,3.9892007536095972
54,8.27778308695838,9.627198513206348,11.36320186285857,9.689251057249795,7.717136448365156,5.46734623136256,8.496560271081767,9.07266857584111,7.701712022262696,4.5312770046832895
55,7.407047178306709,4.236197547008759,9.038861521309034,7.138389758451809,6.670948450658919,11.020658197005746,4.950932254831384,8.506654232250646,3.588519494542361,6.170485323144837
56,6.472238571358302,7.319656941944594,8.540862139453772,7.9634598952144895,8.195021162346144,6.463534321731665,9.397880424881851,5.60558475527624,4.804138489675518,9.75657831385054
57,7.855413709871907,7.815668207579043,9.42754074680492,9.266751329249965,7.609692091187064,5.689885309182734,5.4597623484301,9.255308920475533,7.597443043819135,5.7366487474259635
58,7.582676192673812,7.080139791130837,6.4974800878271814,11.325072202724208,7.916884936432101,9.448989404158235,5.188112547083574,9.038999991278487,4.5723463957649635,10.693296197432034
59,6.933569686724115,2.773128887121807,8.96818282730121,8.168731613621294,8.547348517309786,7.947540638650144,5.5485357690669925,7.61491183401054,6.3746864268156,7.690685375241594
60,5.344833866114987,9.023342659146074,3.586124524867589,7.5659910676220035,7.140440062506049,9.047068190353224,6.743893054338125,8.468905607053594,8.966220862578341,9.234058649285396
61,7.392771975145792,4.579274832797861,6.87197239259282,8.243763867633808,1.8731126908345113,6.058658998674073,8.09392746890265,7.110766068442315,5.131670130561963,7.387557871715655
62,7.009211207566827,6.007201515555676,7.546152054622514,5.984699103956487,10.919419023240087,7.999512488614137,8.681614506862301,8.561002336333722,8.062071035489495,8.320616217002765
63,5.9311999708953485,6.7593931951355195,10.847048411586075,5.851295770363054,6.364492501317778,9.230357478626498,7.034932220143785,4.5541658726841225,7.546996008510575,6.308532509141475
64,7.9773085626129685,9.097103775687598,9.622642633131068,9.19149354222027,10.136795883590661,8.80984474300524,7.713754762890342,5.225054498018897,6.705438882936211,2.8669294630415827
65,5.461163856433892,7.7075346638540845,8.705117261121886,3.5067742641431923,6.032586145655852,9.098123384746206,6.284696398494805,7.947785411475325,5.287692264906516,8.723603281142093
66,8.204473465170684,4.909723768971071,7.108616757989675,5.594159194179663,9.0883257771181,7.41643240492662,9.221514693723389,6.93656391571005,7.535946426419408,7.7064667317599955
67,5.017638405367445,8.221725473488211,7.3136450148632814,9.866019193199707,6.2601067504344385,4.513484534164813,9.224821224163634,8.324116075059052,11.107189751033566,9.269965134108032
68,6.347877388479727,6.965997440635451,9.711434523152034,8.614215005680162,7.85341518186598,5.114892953777487,6.184609819972856,5.923320637294268,8.974036634126486,8.54953649157169
69,8.234824421419024,6.800526830410986,5.926364686965945,8.11236848879222,6.774243511524323,8.37324890209386,7.386519625725864,8.315410555643144,9.394428030012113,8.87062706990427
70,9.198426470918516,4.79464436646803,7.909605916455756,9.669948179771485,6.505980225978188,5.368768240950854,8.742415389328773,10.327622563928571,7.049500984593648,6.475163372883735
71,9.807143697745774,10.428876969522978,9.508530020466825,9.459637380803418,8.676198903410194,8.476523713626671,5.82667239816044,7.292327124684904,6.735841565714458,6.325660369921607
72,8.371899363519999,6.687440729361544,8.534116052413486,7.186413267821783,9.37842576190385,6.091014978638363,11.982824348477266,9.701208815599232,8.095602463679556,7.910452499953284
73,8.21406458560397,6.855991597009523,6.340798434468237,10.261584921418502,9.151993776110658,7.137276680659134,7.617953257155792,5.307377705557389,6.126536406027671,11.899321980184252
74,7.677617259874443,7.6735937157272245,4.640859181531065,9.479852371153818,6.826221703552431,9.983389514435611,6.269725521745082,4.250010647528216,9.889814971768281,6.1610318459780995
75,7.673455775440859,7.191815258305043,5.9383218094587065,5.751406978466966,10.693341596359295,8.394018679461402,12.066101268527046,8.366465037402364,10.322571386683615,10.6049483084252
76,9.435244855462624,9.26176781874184,8.701593824574156,9.483136072649831,6.526372382805331,4.8907359174019795,8.869623250186457,6.440318578081444,10.621540564051813,6.903676351859415
77,7.541784135367722,7.258224700696077,7.5014295898933305,8.042771852277632,11.100213875898515,8.11915861332396,4.327640777370998,7.9695991655242935,6.682535730962583,3.4967874339020852
78,9.2031515791131,6.451614570887755,8.924174748914051,6.748296477492935,7.589751225304827,9.900044504188065,7.210164821957129,5.303617323425476,6.683098803471654,8.769183039660208
79,6.733232383273967,8.256673038886134,9.73949715124683,7.638762485405551,7.767028446610064,6.449478213606803,7.411153068640809,6.549268875574031,7.493218715859856,7.237855848530679
80,8.49669782093234,6.982484969597437,5.316164749134586,6.089184664419158,6.740571066604918,5.149015880917529,9.540624303912587,7.308484050994327,6.11133726638297,6.964859395023508
81,10.747832863767332,8.601610747837519,2.0038110911067912,5.445642797076421,6.63006036999891,6.771859309299543,8.696396135123875,5.637425380651064,6.297785139670717,5.909077722350235
82,9.259687421750415,10.585626403269757,7.098796339659913,5.552035973586876,7.305073484310772,7.867835026808376,6.578403438516488,6.933777956480646,8.582377805701752,5.883555851728336
83,6.495418597635976,8.682176471894326,6.785469373526071,3.8647355284999074,9.914371805907683,5.54635473937199,4.431169766552655,7.780009108167059,5.702755087801619,10.217498164683404
84,8.907094737238085,5.567031106428186,6.3089488682333705,8.035305638152437,9.663366541863445,5.595828233152882,10.061725677551712,5.291195689196877,5.667293890001855,3.886757382222881
85,5.746874530203606,7.0670725778716905,9.747231259444629,11.56958451238922,8.068775179244827,8.638996733672599,6.365595289699154,5.474896606061061,6.69792239293731,7.538761609386124
86,8.513118571706416,8.194175016293777,10.104724449146847,7.21100466039805,8.675689747668061,6.174782180743785,2.637944065836101,7.204530255077075,9.76935378122427,8.163977545858152
87,7.821265926041182,9.11532163760324,10.753911095004444,7.209116952100161,4.247643352810067,7.61928568044163,5.431550815564012,5.822137647912511,10.703579275030632,8.615364002191065
88,7.534134819398792,9.363591438763947,5.79427057502696,9.280405568657994,8.592235284409778,8.859089247609841,8.205729798072394,9.310838282150405,6.020227781024901,6.188797934229387
89,3.9035990825184497,6.870990568814382,8.338032381783572,12.317622264690865,8.187387341290147,6.042118292131133,10.880391988332887,7.903828306045436,3.4219068434896807,10.464190476165465
90,6.432925073515208,6.064138121018493,7.631935848655028,7.39731674925217,7.780066667456593,9.014039069041749,8.413496112725108,3.473500398017537,10.498352857188138,7.3392996352647355
91,8.738982220202562,6.573710183803646,7.115336970807425,6.212873277306801,10.501840282043595,7.415269295541608,5.799766995950909,11.58253464422512,5.720573843686478,7.257728071325449
92,4.047944412952683,6.656547372484407,7.720819612774591,10.131128600424962,5.943871990268584,10.89110636796109,6.597716210273239,5.731769814341656,8.027523377164593,8.60012223548744
93,5.50714450595891,8.337295176304545,5.101350356209189,9.17087144800992,1.7246281385101776,7.4663250269717185,7.469374681669567,6.555370316405677,5.8428438963677625,6.7133833503154134
94,6.139619666531452,8.73986480050754,8.681666085151063,9.089007789230772,9.348945535762446,6.211501886522278,6.313298039091111,6.266918336942416,6.660437504706534,9.381221438299864
95,9.909096754125775,7.492692059250362,4.4089564542521815,7.781569905994692,7.6249746587598635,5.150114492668583,6.923408134055244,6.8560530617465725,5.441798234823083,8.43049215950471
96,8.284971571961973,7.045310348196244,8.537962462360216,6.1187306952389955,10.029952420910412,9.085498506345983,6.695124238072406,5.759124759111013,7.013205719902134,7.978713245908005
97,7.858981913709517,5.428279940320719,4.851070240887401,7.988884025232723,5.949069898730268,10.280935183668591,4.721066119710397,10.200109932540595,5.807197495321262,8.592630314825616
98,6.352509177542892,9.432665915240948,6.371597934946356,5.540576455886542,8.982517065937541,7.333221370812221,6.100391722399547,6.449856166847622,6.720176184792851,7.97929896168834
99,4.681700261003332,10.036017291422962,6.985918942748131,6.218449257866349,10.379879901070947,6.764736084227847,4.90096525446721,5.551008451477955,10.013339425867875,5.827398185578216
100,6.201996931683933,8.861717001853107,6.657619549501555,9.06266923744178,10.12238380692235,8.067106590440945,8.853356135754074,12.086080488566587,10.510679876931022,5.969752561332417
101,6.447146203586886,5.251313816797605,9.288063026834374,6.295565193814236,7.401919780240573,6.147906556287351,5.563161748858244,10.594961856372585,9.31897182572046,6.370814676100079
102,7.8802116864781535,8.59384323287517,8.494908483527459,13.667694020596972,9.318426201256544,8.153212621374722,9.936490057442732,9.087823572381915,10.494501281906484,7.028028433083589
103,7.739130776065555,5.126656131209575,9.333364674326802,7.907474871828942,7.292789488611336,5.253826289342653,10.433994240957924,7.998163567688121,6.84293976940454,10.814014960134134
104,5.873820752041182,6.624541213621218,7.8054262399976055,7.248044935708861,7.403806653059116,5.720599823934433,10.693529560448386,10.837802143882017,8.407599061797194,7.591475596184976
105,10.446033948326127,6.793720801224798,8.527183946818363,5.4441000228161744,10.631200719421756,5.548790556142463,9.054914736874641,6.219477493775436,7.198266517119825,6.521448053182169
106,5.776363818448957,4.101517278487986,10.948154523951704,9.387732327672376,10.422462970723364,10.284673815861977,6.797230951344163,8.872489771101948,9.819698772336881,2.241426017099663
107,9.039138579788013,7.339072764394395,7.658536871559796,8.098791813892609,6.734667517500768,5.942436119066257,5.1639505199476154,8.172151901069624,7.640386493238527,5.641411202334695
108,8.632917645895848,5.341428380121142,8.621639489531638,9.448783439903774,5.597532375430384,6.375411120695971,9.70282225136179,5.068680535132334,4.646182680588506,10.31366088616317
109,4.128398818641269,10.608494781053022,10.033104932084742,6.639647004890438,6.224054937172331,8.756713603728345,9.576799317119113,8.490024570926018,8.03878750524121,5.379403839097541
110,9.305321035981938,8.13490758851019,9.230529668000688,7.175708549964071,6.316559887398326,8.373257601411533,9.349643667012481,7.530665987557702,7.338064173751764,9.10885125546946
111,8.645026830581076,7.292931125680571,8.060259374015889,8.861504734097435,6.190971953358133,5.91486039011897,7.047692207575393,7.009195079033232,8.509883172927363,11.675489732277544
112,6.806560080816313,4.863915921611116,7.021729485195291,11.146399196763955,9.688383782995006,6.450916291530068,3.002144742888405,7.691846835534386,7.165083608124449,8.198877479699988
113,8.185410322023833,9.389815419393258,6.668223354948638,7.711916519896651,8.161120741204176,9.55961360288381,6.404588934598204,9.64811399388782,7.974889191306146,8.269397452804862
114,10.041624397755477,9.070046260755596,9.72068593476217,3.063649488902392,9.45844240473094,3.614115721749025,8.903709433217957,8.37941967640008,8.608701901447247,5.825148863914881
115,3.5429951931205315,8.813311298697077,6.399495661375719,4.897319195077319,7.694418353792312,9.175057998216195,7.068492098997868,6.424856872854772,6.143290889808901,11.89388375646317
116,11.423899747790312,6.8037027348855625,10.701612034565951,8.733072560542446,8.652179635815028,7.745366686592088,7.359477628467687,10.080691215158726,8.57869699732084,6.351833484920788
117,7.532518485391696,9.74201468998152,7.3758574587601755,6.749654670825943,7.60338931685064,4.692723611457234,10.787568210762082,7.898536172466762,2.0927200936612738,7.830565885091065
118,12.30070761518579,9.224426027814763,10.197331928201777,5.9451610860659985,9.47161559470506,6.515402358882345,7.157185480596712,8.577747949883777,9.818318191065202,6.822759662271616
119,4.67755702865775,8.024867103888486,8.511268824783475,8.382471529008711,6.310271263448421,7.16975693518501,5.848159586284613,9.957421816460435,9.507479232746658,9.096740977854939
120,9.808581506420087,9.82378374056935,6.3285133769367725,11.799203510041838,10.581724935053758,7.732890936378398,4.916601908995462,8.872263924862184,10.37207608574463,6.220615788655724
121,7.995054687689648,10.602169593262357,11.801235771609381,6.149663921359895,7.138878874536171,4.591797300660595,5.397165457961671,6.820333901127309,5.158430662023511,3.5852995697325323
122,8.650410281452128,6.2470427454989785,10.879078900416765,4.282179055545603,7.7479204717155765,6.882247931394188,7.612994548513471,8.64083582546364,8.243696336521682,6.84501696266177
123,11.747341972890117,6.034867608732143,6.480405882112302,8.355606489149512,8.370052622475603,8.670671749358752,6.748147802749917,4.010265528334818,9.369844960603679,11.119429810780135
124,4.40856688988695,11.010281051093184,7.6810352065109155,5.76169403336884,9.330670882278415,6.275303412953667,6.798078729459817,6.664244882356931,9.225173168555997,5.7897741550050075
125,5.457542569759477,11.980660943637554,5.842827529144662,7.5031050576500675,5.273893098410616,4.135865947702184,7.833980130305336,8.987174836357381,6.6839832980421825,7.659306192376214
126,6.29025370135192,7.1581387606210285,4.3572385124002615,7.103356688750091,4.933295836962966,7.350608500852702,8.390126535035511,5.203934750504671,8.881438369303176,7.672911936931452
127,7.756468805895584,10.159627739199344,8.009335213859769,4.8564178037957335,9.25912043841094,4.5223572834688905,3.1209808961732715,6.09643665989238,8.218089235795436,8.304748414637809
128,10.921021634688895,9.733361790448381,8.159010638862956,5.150719565619943,8.509009040386621,8.133797319299058,8.449218597847121,6.362620477621044,7.013926154616051,10.033835758816352
129,4.253136661631315,6.085498233705842,8.066833971148863,9.01955511723921,6.616862969502018,5.773600393313858,5.701823372732633,9.535587406998598,9.636115122159953,7.4270585371741795
130,8.745010368129806,6.410464360907861,7.414803195816555,7.2072299460115,7.565969271047916,6.689596936567326,9.29982520177529,4.77203029333112,4.91301800511248,9.177191306981355
131,5.230726293924077,7.375382091599146,9.733248910931447,6.082070803295407,8.102339578614975,7.4053256118555435,7.385633953595947,2.0922161393374656,9.275475921302101,9.430807148978618
132,8.526387568349357,6.626343318051182,10.735432326897037,6.91890637411584,6.425926574866266,7.140830784751616,6.082036082026044,8.238312163960943,4.974785949011639,3.825895542337034
133,9.235399338780645,8.981742464825953,7.4947077220296645,9.934819547381187,6.883504159797232,4.901181137662408,7.983056954580346,8.255847435819797,10.796603830536942,8.465736489762076
134,3.775371419587184,8.316061665205414,4.937071237627649,6.541660482161916,6.480350251760997,5.150805350567824,4.206049056363758,6.576061583486341,8.414349145793722,5.427931980633393
135,7.695645812976509,3.9713655485007258,6.232357027276044,11.252420320857915,6.849990239267851,4.219935473222678,10.399885664423945,5.502150377816193,7.7805456979282495,7.24748580356074
136,8.02821585084652,7.06131129648407,7.750470902205152,8.964885177869965,8.472107828445864,5.829707176613392,6.826691412680428,9.83154016496485,7.57187389252677,3.8407771074963786
137,10.07300017365716,7.483040110540682,5.897030451075628,8.36708846739117,6.793567307453827,6.474628462151742,7.332539713835381,7.418281448927988,8.101308304895214,9.736402112591911
138,10.392598010918409,5.905385135597549,6.086730331374662,7.383372303837718,9.262127447586398,8.960821987115411,6.536814287765506,5.73231591307994,9.715536785056718,11.609450006528599
139,5.694353325760628,6.427757459519665,7.0838370923029865,2.7004993919706557,9.348006714803931,6.951464099290546,12.815048221548603,5.925502584626813,4.763364136780049,10.606191143188486
140,10.967391961992094,7.458773210766272,4.568552300999368,9.00158215491274,6.1477904913274894,7.754793510898785,8.537047928233024,5.068518319568446,8.389156481046486,8.071355724620648
141,5.25865925146187,9.534523261963157,6.179227219330754,7.859530623853515,7.1809712629805125,8.982322502527715,3.937391936840127,9.197609303002231,7.988421207036883,5.378814548817269
142,9.891544956668245,8.242936828296775,2.8128339431172513,8.607230048654376,8.814884520025453,8.641060876655581,8.68151419699433,5.379815477847034,7.244507834156891,7.52871604651234
143,7.22991350807704,5.824065454864709,9.086051847083327,8.172752700289738,10.076965080323609,5.123085666954346,6.149858048488827,9.653438943692683,4.346511943167084,8.254691265110814
144,10.48276596332871,8.97873530531657,9.139511019824388,8.264335597268227,5.876471008273926,6.804122851020473,5.179791545362742,7.086491271999635,7.301429337950146,3.2735342041167907
145,5.6279353189900405,6.101156869092349,8.139100592381926,6.036747654611734,6.272208927770948,8.82398286659455,9.323765003771879,9.652953114136869,6.846363436926255,7.572984371288373
146,7.96221248614789,5.838210649953611,5.869188686626911,8.466849818598526,6.9731687535725815,5.17938902973828,9.959836888704897,6.40313337497121,7.417735658411323,7.850801347861205
147,4.005194737683887,4.825524455732655,6.796987134390605,5.583440940126099,7.71233324321463,5.492295713725605,9.008105314019732,8.665103047890513,7.249104523700625,7.453347465856306
148,6.395830466699639,7.2367963562239295,11.753804318309893,9.318390780037417,10.427208178736564,8.01657496928048,6.241377959886551,8.76443038255383,6.605720922873326,6.190453520780222
149,7.930198205540386,7.770980074594244,9.223143911733807,8.866506593171994,5.7838448506004685,9.00041457543503,12.67277473566077,12.997984027794217,6.993253846062544,9.687255223155201
150,8.104826537044135,5.319596894330328,8.165210586529254,7.562074076930028,7.025561260185383,9.87426316124862,10.888918749567795,3.8323064300607226,9.61454442027544,9.212748106243403
151,8.15450949483976,5.689085057093935,6.50684458260516,8.900495585124869,10.709289852245346,9.479175172479238,8.426639270742871,6.835853252018618,5.9687544196985485,10.03000248856671
152,8.300568631557919,9.402357511153923,5.550392827925388,6.046289468021245,8.071301933247652,6.27993567246725,4.655198124440067,7.626704252360601,7.808657270080397,9.5044124802882
153,10.721896685495347,10.93324948054543,7.757596503889602,6.478674259862853,7.225189434299651,6.696371766180764,8.659465895330541,8.763385249367674,7.821383896981089,6.950951873874818
154,8.82338466899853,8.724052772824935,5.920351387449766,6.211258712382215,7.887364671080516,7.845818206327753,8.855541171989275,11.395157847032479,8.679683645220306,9.850988606247661
155,9.957173388748643,10.290954515396786,7.867778152110507,2.4014017408972275,7.551067187651263,6.446169559892651,8.29877768156667,8.979246738401576,7.8977610412443635,9.444460916049762
156,6.419206472792194,6.427974112786906,4.517347777293091,10.846354372651534,7.87071335753645,7.673133921284455,9.825412292641747,6.917404761038324,9.227669802379868,6.0751489949356525
157,8.834604985700988,8.030011526171675,8.3246513965239,4.682489753290626,8.95808977243065,6.936594929539137,6.727595203157529,6.794508135998187,5.6021012949053315,8.213025726394855
158,9.162528261634048,6.561335362851414,10.30708147949244,6.001582983222806,8.3846747710925,8.2741326004432,5.233741427373561,8.440234504380223,8.985513629288048,7.007798034213383
159,7.950931346831512,7.073477140277022,5.807376515718641,6.468462912943329,4.843612098118754,9.41058707101549,9.68944836556297,8.129590701459447,5.59424385175546,5.673203836653724
160,9.612107176637002,8.935383667386215,8.103255130234086,8.062650004202217,9.081712142977963,6.8168674994665475,6.468435462369655,5.591865330315712,10.402469930686152,6.147602435986808
161,4.787025028823364,8.008124226033626,7.7470869073399005,7.022216232893179,6.417494238175744,8.200148491882661,10.175713105862606,5.335026478606078,4.141224611740561,7.209204096609209
162,6.753051449940477,8.802387381159086,10.059309994459355,7.843589681261593,11.43162032609822,7.367541681766877,5.439364385324878,8.678037488311208,7.327548743706747,6.396081947968074
163,9.12468308069062,6.610309283150839,8.589677788453438,4.335389412967143,4.538965860488117,7.2069098287279125,5.834781997969964,7.149161950390078,9.158464973024785,7.5906555601451755
164,7.085798371305862,7.464749083368103,5.551270093708726,8.37113886701037,9.795747173997528,9.743054636856886,5.231266682506973,7.410900939383618,8.09707605828133,8.556998940172498
165,8.236433418418464,9.132074577943794,6.582129382218094,7.9237444963006585,5.180509904286664,7.886218435686251,6.609135157162331,7.112691124824639,6.2246144690939165,7.227570147959076
166,5.552526727270363,6.28287436856656,7.560918058413346,6.894009134583447,6.647375115851406,7.941555831517462,7.489516618141787,8.405952957789015,8.327832290859726,5.205966496297063
167,6.539658451372403,6.1983559371579435,6.701784788657175,7.134956952235101,7.932291802777883,8.147043756436238,10.993990495322546,8.1858314346419,7.509799512512004,6.535258864727448
168,8.147468862207115,5.66444060665715,5.39828475032102,7.410594696482185,6.176240476395481,8.228464684729563,5.8921586838855955,7.702734900068684,5.47643660807737,7.834201082101298
169,9.559122876387846,6.8243739285868,9.265863218643585,5.896337624068517,8.408990282348217,6.643069875453207,6.901245942216486,8.096254770226338,9.172106364740744,6.837695229239022
170,5.837621941387589,10.589825621047764,6.919229220058816,7.849892108773926,6.021159912947791,9.208099461140549,5.7074046592501855,9.281324066361451,6.770650113125575,8.003199115873898
171,7.073725876498656,7.685837079928659,10.77022017397059,7.222763287062901,8.991875116125549,6.90785018039871,3.9374761822751987,8.372876249586952,9.09845136956897,7.179287027821003
172,4.719592942727019,9.296944642736062,9.073529690474603,9.404204753065507,11.738581281026097,10.39399724942285,8.037321678230542,9.450363926407343,6.670562682343306,7.898763213908681
173,4.367719300548172,9.5699920774367,4.098915905314945,9.094029718546922,9.476944255965101,2.8258623598275534,6.922457062331407,6.13790861010694,8.797532952178123,8.943788954982466
174,6.417323643502833,9.518975413132843,7.961871265215306,7.850347127727908,8.545283839359316,7.456496186311237,5.720910321657006,12.01398202668204,6.256079437451964,5.689857998912445
175,9.673208319764921,11.263511918532805,4.320834494710649,8.537903034323186,7.45751488324516,2.6133025838557913,9.638888930718865,5.119003259677216,6.664945942363432,9.380672177638116
176,6.241480667160572,8.56975129100467,6.104962793184713,9.796803067678937,6.984501991006807,9.400503671275112,5.609200333859035,4.465547812830856,7.539101980968887,6.970436039276979
177,8.804179708366298,7.412873305173687,7.035154193131208,10.113462439914619,13.601019677481498,6.9215723084696315,6.919447184418216,6.442576935244512,7.693377693355044,7.70927168722195
178,7.429074736457064,7.607366152617693,5.832079726230706,3.8954881152063283,8.868630823625054,10.266777659365324,6.463294581792729,8.239950398954814,8.562885208899418,7.023400109895359
179,8.211723538877706,4.685850578580261,2.0137269085354497,6.936550066305228,8.686836262310944,7.860210200869003,8.848493537274395,6.1751045400405165,6.19848392011491,7.008395918560029
180,6.777950522148894,8.112489592382968,7.851516261829211,7.6773958170456815,10.636873588479688,7.646440618420305,7.716947132078545,5.3194413765881405,7.1547829673547785,7.925101801860822
181,10.57956356403401,7.000349099147694,9.36486697786856,8.605586115616424,5.439378327406172,7.683923629567397,7.229652287271335,4.751326482693807,9.306786975341858,11.165626143142228
182,8.116914546539622,11.549896895234697,6.630581871084258,7.852453901432184,5.723247389796811,8.461549058914429,6.446065433996724,9.953627217252368,4.566711948063283,6.078748507503174
183,7.004889921724246,7.382601821879996,5.788373461046778,9.053125002486926,7.406939025024892,8.096239466969925,7.5961113768139645,5.713376691111143,9.35234265429865,5.809833100007987
184,9.187236508372237,10.319518400219515,6.527558136277105,7.879432583503754,9.18116908947882,5.971006104876542,8.789086629948443,9.154976033422288,8.58488153712743,3.972628319196476
185,7.92859609412065,6.239395243086777,5.923126265374959,7.980084298835321,8.455653829721227,9.923852128005498,7.300653769065145,7.813866722983809,5.688748418692838,7.362881642837344
186,10.981513997635016,12.364959454160193,10.128404788536123,9.656015181418535,7.225862672603862,9.377348875883683,9.02930762379425,6.827246286001447,10.565191652807847,9.260800065585812
187,7.360654175270089,7.122845817402376,6.554457538874445,6.905690136532819,11.212043216036623,8.994666016520153,10.149682221919273,8.218660393926784,6.283568349083112,7.71257056349051
188,9.584662039587435,9.47612915943483,8.889734004651766,6.523068602355647,10.556054080987504,4.496115502457277,9.10108937972834,8.485177553662547,9.574253866406233,5.710358450939655
189,9.57136887961986,9.191048299944791,7.035028452557227,8.947007040191792,6.381865578719486,7.462652730853624,7.606659112494812,7.609139419250145,4.394875701827374,5.766392921540753
190,7.564290541749123,9.180174122854092,13.1682456953818,8.761486906619776,6.586596228132562,8.15386557072907,7.873517885344126,5.315720799735612,9.474982297076833,7.126262192540697
191,9.304013140029301,9.351855784919687,9.27797190738642,8.93829002457917,12.585226143265015,6.360903499803207,6.296604941474013,4.983039445996837,8.099324187666292,7.81363720273159
192,7.929981234753455,4.214023149658685,7.692350953373472,6.611083811607189,8.117836764135058,2.2934123033308444,8.397929377644742,7.543483298730839,5.346499566861635,9.762790606514375
193,6.435071232027376,9.42827319011062,9.248873150930939,7.472669235041814,4.814855144755126,6.923186329429953,7.635464402459669,5.426551926148574,8.91296485556013,7.446698557691454
194,4.594742339990001,8.187290527545644,9.767588583894486,7.438561998089041,7.762857720585206,11.749991240157993,10.308023938863867,8.367668100574116,3.9227225733388997,8.246895808163147
195,6.1686708911061165,3.97685918727616,4.399052434148041,6.801850225596164,8.287117089953066,5.417394676665054,8.948167802683681,7.0458081842745495,7.3538251164846065,7.9954040683202265
196,2.752608645890697,8.29419541444946,6.635978662267519,3.2749939377206956,6.111529878539813,3.711898098439076,8.112867589737673,7.081204464182077,3.757875393363526,10.606310215335373
197,7.484881726177262,9.563677561486248,10.016651239235241,10.634863450779328,6.925129671600188,5.624188672714725,8.314964212716127,7.3863826501535605,3.247370680024014,7.925521624620153
198,7.962290805799573,9.054315082464854,10.472891625326815,7.163752156166405,7.717745655748528,9.863473859678297,5.201217817961706,7.439480606822135,5.786089804417049,8.098704867484447
199,4.344406853055945,10.694460019797937,9.41115006580751,7.824961677413688,7.079872710911439,11.488298684445507,10.340271910329305,2.7270519781094773,5.220082541578508,7.084234025100378
200,11.646374368557854,9.01058455305224,8.353687417834331,7.662675426512085,7.677318225602401,8.699865294303756,10.775351210565514,5.808724633717015,9.829799376806516,7.958242920006798
201,7.163941607748047,8.97051685948263,7.967662087759922,8.818477502247433,8.9599582943203,10.894696685929869,7.74358406899728,9.959583026759814,7.944012366408023,6.9471508666466795
202,6.505009954562169,4.272857586525946,10.433368620519154,8.693157050574296,9.277138831575776,9.21023565671551,5.799690387570384,7.821796584089622,7.0884478434287885,9.737770018074421
203,10.079869409145624,7.770549555988294,8.235637213615945,6.4982699458263316,3.38487128328674,7.046780569538981,9.44387099480621,6.533176850179862,8.126532345023097,6.468024075228541
204,8.083433194763193,8.78051284494975,5.868591869429664,8.09329892120082,5.634163346017981,6.91740254303612,6.946069583853272,5.747646756385139,10.181138728425324,12.118158752844284
205,8.150677052554533,7.111151421071911,7.912302096428085,8.043523321263807,5.016597000731223,6.296008956588266,3.7326623540117216,8.456131601882369,10.827832860599148,9.17376949071308
206,9.507415245933379,9.52960217261285,6.1815448278059915,4.947846176304804,8.370189347576085,4.741135960507641,9.058431582533014,6.988621358802831,6.774664857997117,8.384982526171045
207,10.792631716465827,6.552329233550519,9.19032323344068,8.788252637925426,6.964766428101926,4.650824793036223,4.960753365226058,6.554168414872229,5.419385354412701,7.776800644957946
208,7.379185633835712,6.727422743281713,10.300742373839652,6.982975965251274,7.345856116508463,3.6223575619488835,6.23061637557084,6.745689284278541,10.562677156308565,7.2193769902195255
209,4.503398855369062,5.757544908985603,7.603894637707048,3.521897300606795,6.4000331383179745,6.207348523696086,7.70637498881687,7.104251394190369,5.955110427641253,6.132376670808613
210,10.095039678044794,6.507631373426991,8.73733138599177,7.1464852526766345,6.6212819357916715,5.90877378819673,7.648962422049647,4.630902684834458,6.75125570733246,8.822419232018756
211,6.462051951650467,7.051892989414906,6.944271831802332,5.726529951618753,9.325177093552067,5.395378257302073,8.906766377328498,6.297113098567852,8.84881417811941,8.821052702380403
212,10.117715909568181,8.305195324319477,9.18685382595961,9.25446879891362,8.405226092406314,8.823989479682199,8.857721881387699,7.48859213529817,7.168350205108414,9.640039811053526
213,9.010978944240057,9.11236384565475,6.415612770427757,10.968478951706299,5.162846980638085,9.18973675124474,7.609212324859537,9.0283486421758,6.318123184084387,7.333474412148633
214,7.124764542083416,6.136964609502696,5.787254749023774,9.586416541398394,3.366747256657481,4.337157242590786,10.875746533122285,7.631018678679361,9.261283345050986,10.505642908562674
215,4.250303776303138,6.820713235937426,8.0724855515214,6.150854473414584,9.849473940458527,8.140994080405257,7.220487742209079,7.175287788203359,9.806434281578365,10.165218140929532
216,9.415306034485091,8.24498986157576,2.7576431660125067,4.560340011054608,5.5159520344990955,6.066762857724175,6.384078579195781,4.784105360688525,10.449894028655905,8.217475851331855
217,5.998896590865069,6.813519451500328,10.976177557826897,5.164270615779583,7.143499531150497,5.006520457389112,5.308526440387035,10.402005799620493,8.873166262756225,8.517036231434025
218,4.470402020625333,9.447312578865946,9.614497412178164,10.088004744922964,9.031358375436739,7.952580347675451,6.314225609930948,8.991134499246288,9.711694612716212,7.886735650488698
219,5.6334694371664575,9.775908466454895,6.609447763245635,8.49420538432144,9.113512360633232,3.737457583417457,7.493558904070683,9.54229907793427,7.613775475398903,5.5565319856344075
220,8.857749899868985,9.550873227215094,8.79153214917833,10.543149151534681,7.573237256559365,9.36188313036924,7.981972342067497,8.280359815916727,5.787067793867705,5.256610191433268
221,6.180810608323833,7.581468449331499,9.174165043877794,7.066209689801298,7.693235900365581,7.567079977535917,5.232437285812138,8.475956640228507,10.663156822424805,8.689243540405153
222,6.303465639381805,6.456319423634771,7.665582382808639,5.253585414792886,9.027681497058957,5.373674242842839,11.159054173130993,6.623342467141253,6.843442230007675,6.020357360607651
223,7.305582646099466,5.723434815105433,4.993859651240997,3.6495006838226676,8.099473528903065,5.122750894689906,10.688143108306171,5.586699725236095,6.9459659026504905,7.116978269633141
224,7.782810328285103,7.776107514511714,8.67672203939728,7.125017171783814,7.773863573383895,6.751303886398167,8.026580480913413,8.13766275543096,10.466892104907398,6.797968971133081
225,9.22228457665404,6.0241891464255515,7.768295590230731,8.741147556602545,9.79236248760563,7.243024762051446,6.665476724193992,11.100866165818754,5.686513777073136,8.481060141422985
226,6.175172406043681,9.787276417875107,6.909234886607115,1.8300362332390856,7.532288179721519,5.650651739386862,7.193071245436206,7.292002416407772,13.38316182054523,5.102501495981789
227,8.292433422184871,6.852489942325788,7.380333628863159,8.968344270905288,10.690584528551547,6.86379981657775,5.40102565893458,6.9882592038885925,6.294095844434412,8.762998831169593
228,8.540628663614084,10.250112226218715,6.945645020658011,8.68439679059827,6.937429774276385,7.706266508950631,5.907245214034413,5.533898934965802,9.156284963808929,8.855452759347225
229,12.552559558984132,6.76373865550433,7.126934776114419,5.860192576968909,7.449124350396408,8.587293978231203,5.909719369893104,4.823619174445266,7.121070186103389,6.750544194636911
230,10.352563021271749,8.912086858151026,4.454118328664033,5.18007513790352,6.552387261301204,6.395736249958651,6.474374928259705,7.204213002444989,8.116510209573534,4.507652377700955
231,7.177161872803304,4.952486025555103,4.924578133076217,5.939726181174694,8.495308113729406,8.900575135076007,5.53438512556113,5.128779536625695,7.363616128639299,8.565131137319668
232,5.556462007220707,6.167427438477774,7.18351028354356,8.586087302243696,4.191422722512954,8.605181932828481,4.305624978236266,7.796555699081663,6.991671695209014,4.604178633613365
233,7.5927393435598525,6.00001427322037,5.962368119898129,6.521451155063836,8.580177644712597,7.791062764874734,9.424856980570786,8.627621702344259,5.243890294655398,5.496711730017597
234,10.939535967961069,5.963540955400982,7.9953616430636645,6.90212729076868,5.699849564069312,9.820497344468189,7.807624613521977,9.099862132038837,7.171826110154957,7.043689672894659
235,13.70257101013186,6.616438352764116,3.5533695896250777,7.927667830392722,8.105304649042148,4.962107604082421,5.893787051067869,4.004881691622931,6.828744880211643,10.933508166690444
236,7.353762907004889,1.7756778054565583,7.238959876388421,5.861670888508918,4.467087336330438,7.250918958621012,6.394965233737075,7.6486391894432115,7.389842262685941,5.078476486154284
237,7.253029898736604,7.450983814820123,10.095755564822554,7.432864248497778,4.22307217028266,6.256703668389895,4.6622090007486925,6.822297070318896,7.190169180141621,5.2139640893972725
238,7.772447765797577,7.793189847645608,6.479071954813717,7.28167920366391,8.007818994281061,8.361663675570732,7.889989760439135,7.896612470754828,9.505522930613699,5.6765231006863655
239,8.691255318055607,8.075704431070386,6.123595234931404,8.508401373123446,8.408593804591176,9.575770555908864,6.010164677580189,10.878784799010683,6.49285308808954,9.754816734281095
240,5.162664575170393,9.22618138083513,5.82270780300329,9.008390193034149,3.919045320230102,5.958538618054496,6.793176896361762,4.003105519109947,3.492606550925191,9.986047636584084
241,6.882526999883676,7.984714616070729,7.820502946750086,7.300051226498441,7.564985051312183,5.248534689575953,6.790195623012819,6.7225636382533045,4.81321238820593,8.111108615268146
242,8.236890447767774,9.433755437575563,8.922929472404329,5.259983216665421,6.1321815701446845,6.086619411943868,6.246151438063711,8.644147746260082,3.8684119922793676,7.55649525023701
243,4.555056324293224,7.979013399873298,3.849156407875501,7.74689065451681,6.697927426173015,10.057409192567869,5.942659814298893,7.8398408924993115,5.024483504594477,6.081970066783122
244,7.514160116531272,7.243956377881297,6.710345355607476,7.5253602080090385,6.277335438901412,8.26177616808702,7.137521533770529,6.18256074558892,12.38945316538115,7.9419252667543105
245,8.399735963445332,6.8920498809744855,7.036245606089468,8.735834370866252,4.098520631948547,7.302510571740295,9.06484434761337,7.9424866536349175,6.709292593811856,5.779401040662781
246,7.939878091270658,9.565930063212704,3.501105725289259,5.468604458563775,4.662598409868293,8.38793890524464,7.33033241830972,5.952762421499279,6.735079822738776,6.562800905404628
247,10.864506254510694,9.699588894880586,10.133829764168913,5.408507663673296,10.054823248969386,9.501178888661695,9.539517230296749,7.235156720374913,8.117396712634735,7.912222529643597
248,2.871393915000645,7.937043436892586,6.609579752883981,9.210291501450314,6.353312087248465,9.411378081435624,5.433346566147359,8.394073451740299,6.844668097813084,8.512581858123442
249,9.369638913683916,7.295199833279336,9.181593592158242,6.3962914818233685,6.836733539490563,4.687786186951446,7.2528121058532244,5.834274424447783,7.459974824413552,5.048400881863772
250,7.183435113927954,8.576032069284357,9.581084349466815,5.485175235246422,6.968409203117296,6.041983902082162,8.235199499972762,10.968973522493682,10.652433077916236,5.485944816149239
251,5.323383388573814,4.264126474874786,9.536890163109165,6.489505254665421,8.984494017171738,7.450659865385577,5.490815432464554,8.467272736598428,11.00916920739858,10.142310771381931
252,6.466396904330781,9.150101403574823,6.194203563347816,9.68139538317111,8.143759704963015,6.175796039640387,10.487620968346311,8.839731475446163,4.241210503012023,10.483966519985136
253,8.318845341642106,6.689803099666546,5.659948950898745,12.16709458334655,6.107499915785298,6.937331214211626,8.59781576699678,6.607017667097183,8.18877920365895,7.614627508203409
254,7.175864773167998,6.059453444868175,5.805681079634897,7.0648860769427735,9.035951569798245,8.024314181732013,9.030660901575768,8.114626439571913,6.576318229558698,7.92173816791684
255,8.481401524326385,6.870008499838488,10.136406851959093,7.760412553008697,7.625630275620766,8.71372952005468,5.546352808717098,9.44878043660025,9.06649992434724,8.763540716021508
256,10.622994467883359,7.757784939248333,7.189040633222189,7.89712430995754,8.568824149041397,3.705608723063954,4.6357034135166355,9.088481804549088,6.17114086241229,9.207429636060404
257,6.736325110362492,6.218466043229839,8.223448909175184,7.133654748228503,10.632619486446755,7.120185909588665,5.169030816002865,9.630051132976213,8.471779854647412,9.738498511550558
258,7.678801952693106,8.994435002355907,7.2820326081430515,7.199804083550211,6.643303866012114,7.865206623848949,7.75357074706447,7.6741605827400425,6.805092414950486,6.0435992275093575
259,6.5806766709883195,11.14337213359601,11.864293037328867,10.64297210696025,8.199888742387754,7.16448537104372,8.699779788403333,6.334312142853184,8.688494594873909,7.447937431227562
260,8.696897306200354,8.100006876526425,9.810920479643679,5.757104972910355,5.569316817750375,5.977702048263569,4.129085805031452,5.329797030896729,6.048711260611789,9.356726212836076
261,5.568847154585136,8.496571065549698,6.571548904567514,6.745212089212179,7.813846263970122,9.85388754492226,8.216530341207633,7.340819366171749,5.993616799233144,5.783824318583359
262,9.514741202321282,7.230104636414483,8.512857753269476,6.104442804368316,8.799491833960348,8.2653512937088,8.051500717385533,8.597264413887643,4.127949749712734,6.246643544380699
263,12.086939959862324,9.480304746060753,10.819773086209832,9.50702536767551,11.245949512409242,6.388935674851277,9.13306150131595,5.980308278553101,6.410819922707955,10.412978514624406
264,8.075115691837281,7.354836278990417,8.503915925455725,6.4008522828793675,6.966691350243207,7.370076714484823,9.172827961267567,8.576166793980825,5.931103414678136,7.131940212950656
265,7.4956595060541265,6.336972354398509,5.6601476881070045,6.601188123592412,9.625027184623173,10.336521964049126,8.167346806877427,6.752290297069085,5.81374755638879,4.01920824782562
266,9.406373917379447,6.231944421742898,9.535709764359897,5.676492631775936,8.572050820116864,9.497559852742915,6.8716215913569485,9.575684303011057,4.376257981953912,9.950677226143652
267,6.658641413940303,9.464839663185705,9.862696680727334,7.7179771318699855,6.010306332541941,4.9885707324140665,8.960797005464512,10.99595447551441,8.294228102903755,6.007830546240418
268,7.690510809402587,4.335008802940875,4.448533216163922,4.610214705927449,7.751461333878101,7.155857947034123,6.488787533487873,8.497276141978343,7.985893468455572,8.838835826170719
269,8.352100741799008,5.31632819424509,7.64510260663126,9.321329617502437,9.956182320106409,6.162894533137919,4.913107978409757,7.042628067205289,7.922358087321681,6.268435711253477
270,4.752095961603343,9.942953893558448,5.712902136535451,11.367315566873192,3.970223974132802,7.030324722455809,6.737695772735016,6.716443855649461,4.625677670547311,8.089451660925247
271,6.808384032261512,9.97900106546022,6.772778132221382,8.46987440557641,7.779849404086416,10.835222995520116,6.677185308068005,6.044306029485582,9.396022856465413,9.688312191686979
272,6.407516006608869,5.928989136082592,6.040962721628574,4.448084876906536,6.959629202469994,7.891940574274122,9.133363958339633,6.181397517351005,8.52733473810781,8.425817573577081
273,7.245927802434857,6.275815378293524,6.150130906654261,4.928263438436078,11.342580106865036,11.429599084124943,8.334358229831501,6.900820247276847,6.645160578173643,6.475242558671228
274,3.7985871805765314,7.0315175499654385,5.93336735477716,6.181688007437033,8.056343727812422,7.506725689005005,8.967058111514719,5.647467664399531,7.2398714989614765,7.782218834972273
275,8.461803551852972,4.843389416904817,7.126259651500238,8.103745996229003,7.883807855957145,10.312658286843297,6.666332908137858,9.450426586197667,8.065516607829542,4.463014066615036
276,6.72154261427873,10.15400574764545,7.379858984056568,8.359237592271871,10.83180916026875,11.00437660378159,3.475653841590104,5.846174131597632,7.458598693689272,7.116840767740358
277,10.10964196557396,7.784661732817383,7.727008036201325,9.361016109707554,7.02486100871347,10.124644819723366,4.641898539038157,13.890756085762778,11.295935116663868,6.021529222521516
278,8.79928650411854,6.994891886673953,8.915811760776457,7.494678525468574,5.358949051193754,6.270343337832738,5.7654502570534625,6.164150120243537,6.567635440875928,10.324173908454144
279,7.41525976305448,10.155150576043068,10.287971826699835,5.459469893150394,6.096303313879353,8.843643313994392,8.763545959513014,10.043284684990732,5.203578161981212,4.463549381428175
280,5.696718539277649,9.044123554222539,8.043063097505062,7.856329934451264,6.039371391660039,4.523261516874246,4.75458489545123,8.5018517038245,8.060648625530336,7.069391689714342
281,10.24849851821751,7.12240014369479,8.986343247463633,7.66577451179122,9.369518739054419,6.499186324326494,6.510697127965151,6.201161539585766,5.160350304577426,9.505701363568281
282,8.55824611015967,4.800645257729237,6.496531328675053,7.138284083079806,7.241435016112106,5.856199944328651,6.752729926864662,8.111894543343357,6.431736379734119,6.309248781908778
283,7.891205323454842,4.065474450809893,4.710762380878284,8.044005100399312,4.709659778784658,10.604018143220253,7.844365652641432,4.486726466025012,5.840956689257368,7.4022658543550905
284,6.9565527650888805,11.437571664190827,5.630896694053337,8.106876892714522,8.055706230779549,6.923659380733387,11.543489087254109,7.891287341595605,8.502985209267676,9.501841416059698
285,4.328818121303019,11.445228202569165,4.143794276600319,10.238671067376611,9.781893969616188,5.120321129278214,5.220289753316119,6.983999995188547,8.502362629322956,2.529314500845762
286,9.099908477179635,8.235369948567831,7.094950381790083,5.219181989755617,8.379671198479214,9.28786625992919,6.247769179831492,6.315346438352721,5.397678239938395,5.672529078053044
287,6.037592125716858,6.4162815541002285,7.806623895471383,7.599347641628654,8.063358673635408,7.00677812461512,7.884965331977986,9.22473412731904,6.721147980301501,6.041781619676768
288,7.757269257748706,7.8296669450887375,7.467812345558879,8.064754810491806,8.909035264140899,4.14592479698355,7.660035462844938,6.282764303168104,5.413098748867612,9.157409346394658
289,8.325126873743123,9.287753157843824,4.839602325778452,6.0795481011554475,8.065501517875646,8.530327184367065,5.829519326651858,5.681763933968408,7.883197617385461,7.669781943208222
290,5.682431390664738,7.714654818402064,6.398252624447875,6.773990308087963,7.030899876394521,2.6422780090472373,11.00385835708997,8.609624781342998,8.073424657151152,4.137180091638195
291,5.806111210119915,5.66863079830754,3.444303205825398,10.890967059999904,8.334011617835506,9.868646151725809,9.392088854526701,7.547212450392177,8.023649652500913,3.93440938929875
292,6.409929046812363,6.554264419877929,4.605077208975242,8.121670834138277,4.571170917675323,7.036161806198077,2.4472649744593076,10.287411264216844,7.487140023448367,7.155297181720757
293,7.307028788914646,5.730834401322795,7.098686618371724,5.289184713249762,4.4985473046334405,4.480378528536776,9.642097634892792,7.296268164418449,8.535539199893064,3.098012671524981
294,7.806508838861971,5.524686311338055,6.281353890330772,8.859847628622738,4.814447071874039,5.034369208789887,5.861968350427503,5.8290004817386745,7.058193768525195,8.096887616356213
295,9.51722582158151,6.514327564844543,2.888713419438516,5.574530930299825,13.079399977381506,8.418410401438848,3.6969815351963025,6.282244060730647,6.098458317004967,7.140017338166367
296,6.112891153360477,5.84176950044565,8.236735406936058,7.897128873973095,6.534903052844083,12.062748414816623,6.196539399868163,4.307726191506375,8.15254312307268,6.381722533167678
297,9.084028140992306,4.254478192922734,6.288624221323063,8.745193568910388,3.4080609034473066,6.272838583409655,7.232590532517983,8.914609534201658,4.103036602316385,7.867828292665089
298,7.488388155468163,9.748734862257924,4.778728191458422,5.842455593446786,6.6727429752944865,8.47812862490215,11.712039541870475,5.874994300588911,10.554301216297596,8.703384465206117
299,8.298065173883508,4.194538450460031,6.700128912388235,7.6219499003758235,8.015376827810272,6.745463198960149,8.951930937164455,7.225767203125885,4.910912853609502,9.176098764055018
300,10.919575286632044,8.656939843205299,8.696433337293527,6.607443507199728,9.004963053422633,10.059170422332043,8.5587674106022,6.658378058844281,6.3371521545624665,6.57955314968574
301,8.486958796844462,5.133787462759478,8.038071509309992,6.762741986426442,6.89076861486715,3.5818269510802208,6.591927244795128,5.019506338606712,5.971383354536455,9.642769648161025
302,10.89569908412082,8.982548400722528,6.5709124554436,7.52352072191992,7.120736441563331,7.169497942384746,10.71117363835438,9.32478111749064,6.567949888177415,5.189900803398805
303,4.739501911147922,9.398153057467486,5.488430915623965,7.5138224070777255,5.283305428839967,7.211499967893161,6.668068814572213,7.3282002443089995,6.444927659181552,5.9642604033272235
304,6.13698538896856,5.7391535268214025,8.811902528451796,2.399771939338427,10.412691963449912,7.982254574777924,8.911975890986875,6.172943097784635,3.2875421767693727,4.06846276528929
305,8.491873789567322,7.82840561194713,9.516464258366774,4.4481659406692735,8.965492555005858,8.505229013146405,8.33698572074764,6.168656033730215,5.071681770449683,7.664025551497193
306,8.381146280377486,7.075305351228773,6.744221089522098,8.866802999753432,7.424081748022394,10.544590780792397,7.117395796647705,7.215868813669422,6.321391018097729,7.625632529913996
307,7.746978106246675,9.207268134545526,10.081806285152355,5.678955700267329,7.7081113086099595,5.63948588742119,9.148715291410548,8.97817025278827,9.497080639041734,5.870927546432579
308,9.582773221963478,9.048835145317343,8.166065162425292,7.893071236130209,5.7980925223541915,6.792377685809283,5.697728164487318,8.926756577295993,5.920910367678978,7.7387495792832
309,7.330359394748221,11.048056940520281,7.9987276138342915,7.3888592630884995,6.549051810944617,10.660956867706593,5.716769677582436,4.140977944689931,8.882294510195488,7.761894397399203
310,9.996769801811924,9.522837141957648,8.881267498703206,9.31903218413195,9.044741280852444,3.602253057716867,6.768557271901085,3.7156395896650576,9.384642708557406,8.650337810992466
311,6.770890783449519,8.878239119203878,7.156440836223183,3.8739259302822657,4.587048079127313,7.56659821654717,7.718143495860414,9.307942489514183,8.80130514427464,6.29021328899749
312,5.036124073685496,8.848111496091077,8.042098989531217,11.100963951374727,9.172756815885823,8.104015341190932,6.267029681167829,5.287212419045997,8.121436481020513,9.710311379248338
313,10.714219696275512,7.191843769085409,9.899318061791801,7.577822715141246,8.381240744006801,5.025568246882576,5.969426694903568,8.642259173155534,6.986684219127465,4.327074585251375
314,7.601181970650962,7.020079951337016,12.181688687455203,7.545206300527958,8.841292078352806,8.891212823613204,5.990673566923257,6.683396488615571,6.820286444189598,7.708882767517956
315,7.396444832605541,10.356430437900478,6.040063387853541,5.717419590193916,5.902566923640571,12.594712560385043,7.107686895280824,4.818680182656161,9.393335862611472,7.572930982424331
316,7.803077337438635,10.102448839944172,11.232598285409303,10.350480806244647,9.035923142755903,5.128962530472528,8.574867135219602,5.856722758056417,10.713160947427214,3.935022645951866
317,6.307825095172737,5.509452168012206,10.0790681334888,8.635807028139508,10.40431932643972,7.892007365602811,5.357289792909415,6.196012842399112,4.539810080267144,5.831096857730511
318,9.742915387574204,5.5952314047741005,7.326010913978881,9.369918298399684,7.047285219926154,7.735308893942166,8.620589092302156,6.617763675413572,9.021374486696576,7.491088972720989
319,12.623569882335861,9.446745856807324,7.262147289314541,5.472943817179592,8.39081521046903,4.50602959343566,8.682737322287213,7.571832044646154,9.42988877906534,8.567297978206641
320,7.522981001045427,5.938331797338344,10.358166973132288,5.285570541695456,5.159327846200919,8.314063915267019,8.414543686939142,3.702401522603307,10.67083982321043,7.069686401892854
321,8.760197960297752,6.095033799882042,6.2533104380320985,8.013975249272125,2.376168387070745,6.863348517008062,8.645753981798995,7.19743241165822,3.7168002340988764,7.859958377073017
322,8.223688677517583,5.778747565339169,9.831022760813621,5.460801108305771,10.037454022062674,5.861494090349757,3.6626915279881,6.62560690230578,3.9221399543320152,12.286662276739419
323,5.920464922950968,6.127663214112067,6.735845377301014,8.94677469655604,7.180963121659498,5.55737562689374,10.093119376742333,9.76504396038035,7.8122891293104,6.8817238265607
324,7.574962757048564,10.598385930842355,8.841985318604486,7.608192247485312,9.37554192790264,10.323896643817797,6.197038274070191,5.090540341345841,6.6547081905370575,9.49200082474464
325,4.722954557486759,10.919107338109248,10.935879381028084,8.4897820373848,7.333361848492655,6.1778442531138325,9.405421781109359,8.34329240608999,10.824954827652949,6.66190104373138
326,4.451283279794191,9.202510707432435,9.314838827462705,6.126674103529769,9.095760213768392,7.9224420780683795,6.68724887075701,6.7355743313904135,4.898247748941809,9.42381715336257
327,8.392160868454054,6.141431261455493,9.13368002431581,5.7460245925126845,8.132667800499178,6.755819544124675,9.69921860979433,8.666610999973875,9.105704598842408,6.0021569392856104
328,6.520235770541413,4.23449189085496,11.584727449938619,7.4295921011613455,6.407927391558385,9.05462530692972,11.469207619897373,4.865566326657096,8.71235562682011,11.205234811957949
329,7.650828306236587,12.295420538720084,5.817084221895373,9.26756550325651,7.1772698125612955,9.422346503407576,8.022453703727251,8.322523127073048,8.311350232581333,7.139251470727967
330,7.2711778328107854,7.8362755829935065,4.070618559630098,7.8722862218595,7.5541573093778,9.368745266318477,8.492730069032007,6.924059938777345,9.5237171742287,8.363936907314246
331,7.999714009904318,7.504688562662275,7.337368266351439,6.80988631078673,6.9659182732817655,9.709703503512657,7.777789815298405,10.508637455054988,6.95000479525274,8.279561959947213
332,5.225624900822569,8.100525421123132,6.1101244888387205,9.790449710603905,2.6174399366167824,6.748096499251633,7.153093621544255,10.302734088207634,5.9667040393240525,6.861506643953844
333,6.879678401848256,9.53721448786125,6.831554806153993,7.2266266765293,8.592740364121509,8.538170361988188,9.993285805537923,11.398326038665184,5.972905852424915,10.490289798570434
334,8.54157136600993,7.150003067161112,8.046687777254169,8.760572319832121,4.5429042883129656,8.204330595417899,7.186886338636166,7.229141191553425,8.627693825308146,10.121712141770868
335,5.558930741265137,8.286291430739109,8.716977763138578,8.154909444265241,5.259140220826902,6.171050409571425,6.216764845504476,6.8480780784328745,4.904639639083736,9.007184253727564
336,11.511261284254056,6.700051839361171,7.338185433791592,8.316198759207985,10.246522222910002,6.963499113639708,7.159456136733808,6.0861376674081065,8.40404844704572,3.0594968683465495
337,9.28544273956825,9.768978851735548,4.935294468552916,4.48370756007986,6.398152364851421,4.746446607057958,8.80893539745084,7.695053384126009,6.177786664687132,5.478595079498821
338,9.799912722705624,5.754338553056551,5.253635478916959,9.40439780568336,8.406855544656562,8.599880206522448,4.780782254303409,8.416973833827438,7.423839349409238,10.199451277357767
339,6.8941734924302684,9.857611879734842,7.458548903820445,8.651817434521172,7.345673023726652,7.943663023310027,6.990863541881331,10.895531069052423,7.967984352192638,6.468127816053978
340,4.011824164678612,8.1832697062436,10.03597365796324,7.135086021529108,6.420573005161095,2.9593164544274964,7.667935850566994,4.9681456545033935,7.109802181559633,5.872134802089534
341,6.309933597706192,7.430905055594589,4.034015674543703,10.50381757021262,8.316652995439187,7.113813636358855,5.58030051330285,5.552134124277687,5.574295084484554,5.762337965913193
342,8.657845220123626,8.64483949760729,8.223064828730642,8.268090875630062,7.997565534081138,7.124617388349735,9.514910797643177,11.695564235037654,3.26360348613461,7.813273274536173
343,7.37094603920637,11.610564511008498,10.154098985378411,4.37950138456452,7.628566818691257,11.57212576547435,5.309467979164879,9.488201391700384,4.626550715929078,7.585374627127837
344,7.2177213914282925,7.843138832644392,8.902271812223812,6.987414227444903,6.651724104093299,8.973674596469506,4.639046916764524,9.16103853300219,7.653161951311329,7.659558675790418
345,8.864837437392252,6.721119925069476,8.178875283391832,7.802064817921886,5.943595953153818,7.040413739047527,8.5323621510688,8.899604512845627,6.29553391046437,10.591033181751499
346,10.477347696636592,5.544511000751179,11.430374598285152,4.35699758490546,6.886477292223979,8.409103292319013,1.826009460211914,9.091975746689313,8.170041187236873,7.32256360328437
347,3.8379677324030217,7.164710904192759,5.685290243325535,7.710887740055398,5.703236996823749,8.408640440197383,6.093598517888059,6.268241863765236,12.562825858519703,6.989332565762568
348,6.64856286177465,9.551004242927316,8.581421477200692,8.431153509795061,5.710884544483259,9.578944076985547,7.569027602154193,9.030021849868923,9.730952959621545,5.680336372972454
349,4.45275531025524,8.099233729211388,9.107564455507399,9.125641728058303,10.142712763145514,6.192639365112427,7.006630724848815,6.24910379584638,5.610111797675002,6.914497108980215
350,5.547557063190349,4.603914688523358,6.4338128597388575,7.410173895289151,7.890236269309934,6.555606683084832,6.187079311225167,8.832619475264217,5.491120337995108,6.0123556359810255
351,8.275657785333246,6.84524124806593,13.284076453243754,7.776071343277803,5.437314877513936,8.614552652870831,6.1621098641586975,9.852679722977541,6.367004221518557,10.500095136169264
352,7.735515584390539,11.332463591772862,7.832321216849831,7.775670614791499,11.177336686407259,10.188316822068982,9.761873337737235,4.291649222547498,7.3405738221670855,3.2087689464450815
353,7.074410391488494,8.300688728400932,7.592276221081736,8.292561059360297,7.001304675388919,4.803756580325073,4.604885160353625,10.6409892155233,9.292569694134283,6.932785078185766
354,8.847837343233829,8.06168561336999,5.707604165080322,5.028479052890502,10.147989777924339,7.032580146198488,7.1566294139698545,6.018561749437642,4.634070415254669,7.830767596538854
355,5.310593816461143,8.065273226139178,6.477022304639662,4.784623885061983,7.26918310855663,11.07684877112764,9.096731185798982,7.63047571454726,9.759690992076262,3.4270145254559097
356,7.484106124212797,7.159387774970912,6.038411732311893,5.407352345198109,6.743140158488981,8.663245300661156,9.062682616940302,9.209165794780654,7.801934582310337,4.888902586586967
357,8.13865994120252,10.645194449096245,9.387918223087262,9.398120980239526,6.664310387295358,8.054982472217658,8.366903841082221,8.367197074610552,8.185669884340976,6.798112973509576
358,9.604875112644649,5.468720209748049,7.553366505567002,5.794195806650073,10.60242985732021,8.748854066088088,2.7579537969889434,7.393975919190623,7.39132259111158,6.127623492658894
359,9.040659822548365,9.008539978331642,8.565576786371523,6.615284978029397,4.0960622058770015,11.331988189364154,3.357969118516819,6.806954222820826,6.1500128130140475,4.889809587392957
360,8.236033611710164,7.844610719296611,6.201803329044951,8.786098883242152,9.912534731743305,9.032028357904172,8.418713457307101,10.31533161893835,6.640431243788616,7.976445268403722
361,5.9813387126492215,5.843754817008407,5.678035103184476,9.342426154391912,9.817726704360856,8.825011549562985,9.929886470566462,3.707784124841946,8.914066742754503,6.73156493676263
362,11.588599450241004,7.328091013910533,6.715353419218532,7.357267181737287,5.499011021103386,10.63927921296127,5.6135681642871775,5.165514253048617,6.3116118345529655,8.777838464833788
363,5.408335215853506,8.390024116560914,7.0419373535343635,8.676938276770343,6.6575610917120525,7.159524584622552,7.893957725712845,6.027242582441873,5.236417616789009,8.404144435125284
364,7.439049497634219,8.447976566991343,5.154585011395058,5.933036386677939,6.159323584829037,8.196166135991229,8.102828492260116,5.611750202747316,10.245039028340464,5.683496027139615
365,4.540819125016467,6.172409762203216,6.594511991986198,6.657354144074157,8.504078684160854,7.747418390571247,4.749201615548643,10.398649455550183,4.8013097722665865,6.146302226314859
366,4.826502109439416,7.181319135347355,7.042747563653804,7.4972056387826065,9.965527285133602,8.551811376153047,7.301872343970735,8.416961264022433,6.782772845385437,4.3311336102785045
367,5.96492841280557,7.859362420600943,10.685179823031119,7.509039323124991,6.255524930075781,5.29425366691014,5.853575076441208,7.159981413191178,8.375942219239175,6.906596383336437
368,4.479368179417184,6.896000042767754,6.7798271058455075,5.975053566341265,8.017025066816952,9.573019293680364,8.375008158655955,11.667606691458786,6.526135052139974,4.395602883845594
369,8.866469164359634,7.75731895948741,6.983634843523077,8.3561329171146,9.549060098099558,6.2362436223189786,5.0888195204112865,6.842204738470405,7.420123510718362,10.132715476095175
370,6.212409824578876,7.291510677475301,9.62649260523754,7.2062836981758664,9.030974754825412,7.350830971867121,7.818136760794647,9.294955071471444,10.148553511521392,9.05233571225513
371,6.922671947636576,6.175156282056465,8.951107955247267,8.157598933196605,8.212049007049448,7.958852544450499,7.249085136337786,5.146423741994836,10.092716569522127,9.891654591122963
372,6.556108886054696,8.697079958694134,9.541927504177963,8.206240884218529,7.625041638045294,10.424871199221663,5.6754511884135095,9.706156380280165,8.03416636256846,6.0940063107028735
373,6.646925222223134,9.384018261370699,7.387614580358316,9.430315202037741,6.882239816798473,7.284776314450486,5.431020104525473,7.5579131611509425,10.226287689697866,4.3770311649082965
374,8.200677648643326,9.002110707424878,12.133035045376005,7.480111219989166,8.623572334571383,7.897145840961065,7.132360522622097,5.446769780359357,8.047511328813531,6.0966504129719254
375,9.60545929205667,6.845334212616246,5.409832854776074,10.838854115514767,6.281023857162278,6.518775018510423,9.115647709689624,5.711608700828473,6.320220816386864,6.4025542371644075
376,7.002789718786595,6.9017597937686945,7.026717916094845,6.0463626510538795,9.783275363035116,10.21953426252477,8.396163856794066,6.4787364909553835,10.114207976616182,9.530487970493825
377,11.65220915377152,10.067898693469257,10.089597118579833,7.831171461556125,9.249445760819052,10.488322536414547,11.48327406124476,8.23468255010996,9.572900436226066,7.822088935729558
378,8.026598509326144,5.500351253914118,5.991944871275899,8.696693216095888,7.810703847537599,5.783101707311539,7.771130496826235,7.5929208629861025,8.453971750549476,10.36560146674771
379,4.223974304336131,9.943203325059617,9.315219766168514,6.407306220853725,9.22837026234116,8.923172663194755,6.779041642507256,7.154326519451138,7.418371252601881,4.926231049211039
380,9.051597310068836,9.571825871277845,5.182241106611043,8.354903490534584,8.995827004664108,10.789530119269667,8.498943429061821,5.702523877672523,7.040929375153006,8.33391554085141
381,7.318029457414465,4.672435999408998,6.981027292723823,7.81208660694032,9.680261243507394,11.891295237643494,8.897086957085934,5.647297606703554,6.70012275502067,8.725937790872997
382,3.906052317670964,6.7791260150624995,5.714225393025601,11.683362728358933,8.838560446547454,8.070784556847613,7.527805215205484,6.751611626477688,8.822220473616206,9.043843617437108
383,4.892443961549938,9.899530037090335,7.887779557230541,5.927130841206388,9.963321413302461,11.585842842815598,8.480601434508765,6.624767834465434,6.493603234736083,7.692093040653459
384,5.844737106783388,5.163533262616299,9.642034163947075,7.507807039051949,6.8967261189812525,8.510603221924093,8.275369214061831,5.383136062137683,9.653751079758278,5.536934146963472
385,5.195579927958205,7.359020813545799,8.203411480736195,10.57839241091346,7.206548492055817,9.296984257796037,9.31546445520338,6.572822217723433,8.183058489250643,5.883785883714683
386,5.922883741963862,8.59831534832075,6.798096011231847,7.346837835035856,7.827696367057054,9.167321815557184,10.242856998009428,7.901936536351797,5.70533589580827,10.614100566830707
387,9.876923797821762,8.8229773684316,6.735787249882387,9.92810402411023,10.100982065764814,6.162580806076413,8.419581741541357,5.8709797401701085,4.794793721798264,7.447168828943289
388,5.28461632102301,5.3359473967397255,4.170585476178922,7.136392237946893,4.334514157984813,6.213467283348542,6.220540233079308,5.713715077770359,5.3749764525052095,6.276040388539355
389,7.078499914212835,6.7044692468113505,9.929196988115534,7.2649936417754795,5.488455327794219,5.261337284325567,7.48189209270086,5.080376560146048,6.797649868999377,5.058053912283217
390,10.253649635663397,7.876725269327073,9.23936272543791,2.964900771232527,8.654305430076862,8.942625355127271,5.499826420264878,7.044252763853496,8.785877801632381,8.812377229702454
391,8.180546450008203,6.252514388975257,4.74948780391399,5.45085242351252,7.302192236860714,8.596176103166119,8.529572277280884,6.571637551061704,6.928663037699163,7.3906501113571705
392,9.845928904575842,8.054235418107352,10.365957714913405,10.711640397914032,7.959948220258564,9.453017889586452,6.120622234341149,9.777770495561658,7.082223497513204,8.520943442442174
393,6.878395975123408,10.288979015208614,5.707589703641647,10.946349043622398,7.6287409192892,7.885824490239147,5.893166189750055,6.2366582639943005,9.435741847213441,9.05607280183461
394,8.132962447192764,6.267768303932006,9.856012284191662,10.345296089550256,6.534431932095712,8.698537397121514,4.999329566043034,9.305764035621465,8.339400341421548,6.665419713265284
395,10.677422379684007,7.828663793201912,6.691651589197678,3.7016108199143374,8.380509155346132,6.161811346109643,7.73362202939961,7.83817876018481,6.921187761796599,7.255549211335828
396,5.310203443887371,9.258822224895447,8.156474763550799,5.342152556701491,11.439126272993771,6.321167097954412,8.18161413604007,9.91242924189368,8.039288252854,8.332601314371958
397,4.850082135742986,5.933014535716096,8.185859498110299,10.630168707722008,5.922872027888609,7.334047762707855,5.974364149206658,6.7299111920213015,5.8874321739815745,6.615155078574392
398,7.598275224639123,7.166321675496956,6.270536361788485,7.286448655139314,6.622339737662436,4.275644799033499,4.788767213092927,6.866824833076503,6.659553723892813,9.70677361844532
399,9.082231282611295,9.469163628042383,7.608608947552992,7.143259403693595,9.46856990692187,7.953675828082488,9.952272461076642,6.672632783741165,7.35823147642967,8.313174983271054
400,7.275993079649461,5.311387635108983,9.134935036202041,9.755733121687582,5.97420717836151,10.832735106042795,9.310905273829544,9.820611172022543,7.606475174043816,7.5063379586252
401,7.166792417106956,9.766204751987322,4.104111436277334,9.700912135300404,7.587893166458179,8.177502210450491,6.767846191487819,7.104476805515065,9.920580953287018,6.752206135104847
402,9.438640977338645,7.662567652288731,6.4704975865296745,4.226599881497911,6.134977171741369,6.774112525970808,9.898333453747266,7.757523226191431,7.197955819747853,6.46774365166204
403,9.63376739700802,3.2718463926564474,8.721725216225124,8.204984166788245,8.082537097873226,3.8388768667407636,7.894192221468746,10.192036323551314,8.562101664473627,7.548572262689589
404,7.021078547169106,8.994953608682515,7.095849357195205,9.004874671202465,8.827862709862313,6.830652432549471,10.698631262026062,10.8112781321187,8.116612466834018,6.382382747845569
405,9.132558025864094,6.796672508709828,6.80193353943977,7.337372362180467,7.356936646469769,5.947431723762552,7.34757766990808,5.546648807243276,9.30325873458539,8.894390671038666
406,8.453265585379825,9.531999287406933,7.271398078404859,10.048352585948098,8.030316629159971,8.722416820016948,5.969406592893682,9.14556367754548,6.931972656968958,9.16765417170999
407,7.220678179856696,5.269590620479602,7.864290234904655,10.569187280338745,7.90149556295544,6.886444885584768,5.6210287773812055,6.3065995883629835,6.423831344079059,7.4310545368783485
408,8.409362981159102,8.343248524299694,6.16208946309607,8.743519586360152,7.820797962416701,5.389032311539668,8.64856146238903,7.799470898961475,10.595481985969942,10.06431349078779
409,11.3651115955246,5.226862054448638,7.1401117988593175,4.004682136082385,10.371554661623922,7.805311860286427,6.570388120728726,6.736966983963013,9.799498878329098,9.175676730933171
410,4.718072893639517,6.840420556441634,4.320110128579576,7.862176568818265,5.0317662405318035,4.417794644921102,10.214142323266246,9.177360250660822,7.774657195305025,4.47471502068761
411,8.823651693802834,5.999233827286833,9.106714262756299,6.45865310828491,8.921115443760893,6.534630339680068,5.865954989627905,7.30535837307856,5.5917613113757945,3.7940511909071892
412,7.0554134117808776,6.0371512208201,6.804855582892756,8.711299950826012,6.221714362126275,6.949932414900245,8.723075892391538,6.836008223893922,5.537993040791685,8.937327440744431
413,8.353229057218572,7.7884142746989795,2.129642520418742,4.63804204473457,7.15008488471074,9.86532507115651,9.481146694310064,7.7075937619777415,5.655485858360755,8.75024996335308
414,3.372697276171478,8.00309506064775,5.758899049788124,7.319281581305935,8.068757243786871,11.658280763300525,10.370735348734899,5.487286762342011,9.067731654299772,6.904725957291289
415,9.664732878678452,5.487394323580469,8.130280166890516,9.076727481574258,8.5943774469256,6.426305923686901,8.070378167907656,7.1766853339756,7.292260836866133,6.880165021942968
416,7.110889200038786,11.727728601307506,9.566613074743191,5.224012210673963,9.301866425890339,10.690387353192616,8.075244716378059,9.467556864036482,4.64545047769757,5.912893566875354
417,7.548283685631931,6.091955773612235,10.213341992059153,9.039956157463902,8.66127019936184,6.3051807660917225,7.117619608153697,5.194217821872579,6.489146851344646,7.700211884147795
418,8.048604211252853,9.082590785443566,5.904239286417209,9.637710444151118,7.626397168721645,7.510354758179262,6.06633463880303,8.944437091686495,6.57908807842895,7.390576736613468
419,7.566216330153179,8.939504707269538,4.306890661358508,6.270741365394791,10.027457195362171,6.387799473700545,4.521746718465998,5.3788230165487425,7.153155257857284,8.72032419995661
420,7.903701741879216,9.2091038049268,11.132527259080396,5.5755469426488915,4.435858510912265,5.71535839985249,7.566513238244249,8.584026789079209,8.276748730539529,5.521457119463869
421,8.281958967834743,6.481971379753833,8.892731917290538,7.3655022020033005,4.221382722504061,8.63171534031357,9.996193714029822,6.47056190244544,4.33136417416591,9.27488126560063
422,7.142765436568476,8.063706355597349,8.095574356483084,7.70565654989365,6.520513411910996,2.9987814569479103,5.247779324961679,9.672838388300136,11.619736128580097,9.906050457128336
423,6.596390588553597,2.9200961803368246,4.14791312127037,6.320287071909488,5.301701011539299,5.257930825873149,6.647083721469114,8.118705521649042,4.534149310182093,10.09629227192163
424,8.593048639240836,7.314198185548268,9.672924327222374,6.050710847268347,7.742618619001464,6.011143361822109,8.984565677609588,6.3645234497587,11.28878181185105,7.43239073619267
425,10.828605020447123,8.615379964031208,7.685223696638335,8.012162462213094,6.071860459649253,6.576497537918875,8.226375390185382,6.98269241037786,10.284880095507983,8.653822701453889
426,11.175688847015364,8.515167573727394,5.769660953492715,7.387134490330073,6.8402453147111695,7.843770339052232,6.473723858418725,6.47736831026105,10.170448011875257,6.457682649940146
427,9.598937177510505,8.720281086356973,10.511074844780396,6.941097287326145,7.443353565631882,5.544387252789479,9.844442836584655,8.853114663086128,8.399990862064673,8.519647754282644
428,8.104197941265117,8.31622090205796,10.169082940835146,10.417520507963234,3.5169120490867414,8.713244478962622,6.869186329559893,7.046614569582494,8.334047727255944,8.270587275586502
429,6.387163915046478,7.198220842088432,6.747194133750334,8.953486783444005,8.565385312745166,7.945372391475932,7.556276123206641,9.61894865425632,8.02317819957577,6.6090710956736185
430,9.686528834621217,3.973671293474424,6.868944574574374,6.893608121126507,8.31710659764714,7.9892161835867865,6.221117405024419,8.284010648345092,8.853025675916815,5.748261202024138
431,7.1411584386150455,8.329897479296203,5.744281864503851,6.731031706664325,6.937748132556274,0.7491975262120585,9.895397800994468,9.213398027679874,10.825681499504336,6.870857227383124
432,8.786310054550295,5.995798419303068,7.671595648251552,9.262023480962592,9.439940997068863,7.276768895818214,10.715695961940366,9.317267245273763,7.83450051641313,8.241831060626733
433,9.160291293665722,9.796322970019391,6.783330614688187,4.1804091136146875,6.223911179414166,7.962698596076558,8.27445646139605,6.478666407534764,7.882953963381044,8.358277905122868
434,5.247516518012772,7.020980535581648,7.13488714867243,4.373330182419071,8.014871843272775,10.259698858108324,7.234114176752743,6.268255113299686,5.849243182086752,7.8916275606591695
435,7.096620792319922,7.315347432077909,4.5743757933259594,5.800968241058982,10.042984127627486,6.226252347205715,8.303375942158242,4.218711506220432,8.820580452441892,8.408918205135604
436,7.449473137863367,9.42493810774059,5.347004404462272,6.787138848209829,7.456761866713931,7.554195314611798,7.481044559377049,6.957271445331475,10.558594809403598,5.802126094928041
437,8.05008807704352,9.588016532360736,10.416137150520353,5.701742112283425,7.61820226692925,8.749159039609147,8.55502604273454,8.178522135247182,11.277578085750264,4.413864646292215
438,6.818136275608469,7.535946913177269,8.010898358442287,8.253223866036397,10.085842381739772,6.871836409669197,8.373529817459167,7.986726336021097,9.49735438510949,8.919597874383314
439,7.795537013498314,6.687076796895258,6.631001507449921,6.858377225904929,8.701151498078763,9.275009142870102,5.969814750649444,8.371516934263974,6.3209560941931535,8.398643691619297
440,7.3836419766164685,8.53501061659573,5.274718642258044,8.45436179834097,7.536831735686407,7.395370439981559,10.23103257016287,7.276277629288864,9.105851266566265,4.548999553206018
441,7.779126210560195,6.529833616072334,3.83080617173564,6.217547087008701,4.172994928210111,8.500168965459597,6.892574275742411,9.284305394489634,7.874046746982338,4.95460002406724
442,3.9033479620858964,7.387310113544966,6.714345507950255,7.470156509313482,8.571646956702425,6.065118105356897,8.758900543983618,7.065736408352716,9.014193772732735,4.1666659311004075
443,6.285124174595297,7.213902683626841,10.676999005100841,8.04467094870861,8.569803120345199,8.414819253437516,8.559688341474027,7.546080061977139,9.521170379023056,10.886313245455186
444,9.661398046365573,8.661290974360469,5.529370601330667,10.227531292096407,10.388102621876728,8.435460160787562,6.528040557144238,8.71480106321586,5.899142513521593,7.28744382390458
445,7.7971469997705,7.162288400088915,7.364442218010978,3.8773038588039705,4.51384834368868,7.830377465388411,11.698044592210758,7.510194044172204,7.9980903896078654,7.038980987379196
446,6.8102870096166255,7.604527503860175,9.849126667947829,6.8303056797127395,7.4459875720515125,10.664102759533328,6.7136686039169735,6.99915384872773,6.244723219987255,6.821835152817222
447,9.382608785167578,6.112134177350321,5.748536686721096,7.093821454867212,8.080747533601441,5.096145546347429,8.868651044327645,7.1733155312069385,5.475690885237058,4.164375425105254
448,4.692127506943869,7.245084853961409,11.322283994034814,6.730909770532136,3.8402025729291296,11.617807855851964,10.64011469528053,5.902061249524229,5.499530976037107,6.503000102680891
449,4.374174519605237,8.187860318666836,6.332914973254279,9.330132577705491,6.023669956032941,3.486743197475329,5.614478523278695,3.463849014607893,8.099373904656954,6.216256372055432
450,6.209819698664363,6.654742324093022,7.2462357074137955,5.378647096821103,5.6183792657020115,6.296737295526884,8.728734660139045,8.192366334330181,7.424973758476434,7.372054601390366
451,5.683964836543694,6.338227366722632,8.907563454555259,8.399181566033938,8.666840815431685,6.539216388802817,10.939044498134866,6.472613347951354,9.895818564724001,7.429997490384864
452,7.227837243730804,6.072113546555614,7.885660399769204,7.484829640980914,9.0611667224433,5.820855759089092,7.154879051217887,9.434263604103787,12.511564486514956,7.687568171112698
453,5.601521277069601,3.6585960841094542,8.124318751862933,9.565989088570815,7.410487833397758,6.659464011471039,5.980710135561758,9.66602147964874,6.669617274221989,9.9998974075469
454,8.410125809060752,8.943565904084712,7.320067996135207,8.362446982228581,7.25875137133229,6.332111274528551,2.824541742282698,13.514862208584468,5.274106636189608,8.50448405338014
455,6.413422504711702,11.194055530115223,7.714981712080372,9.162750451277502,6.729611704458735,8.440649706053865,9.746367712631272,7.1346569909624735,3.3739645874911486,7.866708644904799
456,9.197620228998055,6.881705482582905,7.41783790114123,6.793499155686663,8.829703873180907,5.437250002513998,5.357238386271696,9.419293908277371,10.364627219698075,7.862176145445849
457,8.267458370834468,7.731954074853931,4.183618004168697,2.5860748871813946,6.941660732326296,8.443141944889586,4.769316005904176,5.596235518433823,4.663715767262682,8.226675054773525
458,5.126279500785073,6.053323781601938,7.768645814862968,6.589412740172023,7.269571516257154,5.295195222290401,10.66806245770567,9.166091162070586,7.635208965163048,7.201162029315197
459,6.853807057624949,6.273997580819386,7.708999256994745,6.029854235141282,5.391800234057419,9.631550810899501,4.870255408443995,8.382744789156936,4.872429220368522,7.335915534909546
460,8.063354140020692,9.039961401641705,4.5890340667090745,5.758495579129072,3.5968266900578514,10.936463851115025,9.084973918589109,9.993097024622076,4.690649163455692,8.62942545936205
461,7.41185883594657,7.540292934542033,5.7418261184121455,8.66401707171956,5.822073934171876,4.98843645225794,8.292163597903219,7.3183709584522765,2.8212294092208214,4.679672469114872
462,6.26273483494958,6.006189918231671,8.996940401511427,8.903944922775866,8.137970145251614,8.555629155927269,6.771459762538132,5.992183244264535,7.0133539250068,4.3914334860891575
463,5.8081404642773595,7.012822413716345,9.14328024018704,6.597207885734421,8.85371563906159,7.330988614853146,7.757118912180005,5.707616944901179,8.312557949528658,8.312634998296366
464,7.533586663423337,8.639946800591272,5.056399650857344,6.640235110337073,9.71200724776702,3.8287164791267374,7.671179622956427,6.64127674627546,7.638949103379704,9.84730860193088
465,8.304137683003121,10.545115802788716,11.156756034667646,12.004264033419297,9.150764090019536,5.330735484613847,8.973176717152892,7.000576215771323,7.107944818854747,7.5971414686305785
466,2.9579853189281655,8.28370659976348,8.774880398323852,7.693414253662549,7.600863726732478,9.814244584026884,8.564551283742045,3.3556061626983666,7.887060435968453,7.397323059680465
467,7.716037211272786,4.602952525700989,5.325381217965401,6.638207511895711,8.091782366146836,8.152478797554341,8.124832266929365,9.689991725507252,3.819002138524897,8.551706438200402
468,6.8053613619793225,8.479485190549699,6.605039388137009,5.996330187884821,6.824225277013474,8.552978145397027,7.763019768342733,7.057482969256538,8.376122356064919,7.281820229155331
469,7.075329358082761,9.446593461180575,7.648639822474955,6.756170567590596,9.023005253849101,6.764833303990061,4.0561105395176345,6.927939800325413,6.722102767684661,4.8061449124035605
470,6.359388187045542,8.401047741625376,8.111169817554206,4.96058305058458,7.241987717079915,11.525627066470891,7.742651914470045,9.150991395297323,5.105303343399805,8.424396266970986
471,6.924779512734785,6.0999406486299295,5.755210849653544,6.831883710689665,7.251054217958915,5.918160027130992,9.761416261127588,8.066037537241593,7.112807860167191,7.477295983868435
472,10.95124814995285,7.347078072254417,11.430374195338068,4.3123969224141,6.4215782096234895,10.668395586170414,10.894237806383813,8.978393522163447,11.280595308660555,6.935948952739348
473,9.269125813757107,7.548778546136542,6.583221038471812,6.707293907984112,7.01155108333035,7.2806081342417395,6.55936892101811,5.7422842045415186,4.700131374227039,12.182412257552048
474,7.142861251988926,4.734464303073857,5.950079962938888,6.454469589490058,4.009943464290815,3.713075993374696,7.525009738462192,9.35050957313306,6.808669812077705,6.783584265135547
475,4.557972826461735,9.147962952662244,6.013153585108534,9.294851345361941,6.624957644932824,9.641967900831967,7.97554497694448,10.196375724199392,6.075162835234161,8.770153427306578
476,8.1811605030304,10.681414660957536,2.962561905648737,8.644189030169024,7.909576486827489,8.091604390776236,7.0167609867924545,7.961231949909128,5.862999648381301,8.780449260701461
477,9.835662361810272,5.262120925095056,8.410284993457905,7.690344223347693,8.323049965807973,7.6687574603502675,9.44317652155946,7.805417055005979,8.13648587078725,10.166266465679854
478,9.04750756546367,2.5731981935103247,11.610161462267547,8.453774380154012,9.81238257372787,8.272425720064959,7.619972798565295,9.058758658009516,7.8933535136858906,4.297283613137199
479,7.146825957125046,7.945423466647777,7.708312513999127,8.854642237234232,2.812594770549662,7.798009942535291,7.2246346281250045,5.37957652000806,6.6991934367853085,7.910492959079839
480,8.259418487239977,6.780713125371192,8.621142843942428,5.9675986750812156,9.656080835718365,4.898577923202132,10.071528071531139,6.843368645763737,11.466972745730354,3.946210619121988
481,7.237448239289254,6.676620295891863,8.96576947407753,5.338419247660252,8.044616273660566,3.032718059223424,8.818454845423762,5.478688862382407,7.844306027288275,3.1374981531738406
482,8.764157192887739,8.5495321822219,10.636576721714459,8.13870499951587,7.059166177148736,5.947047872632534,6.495442432403159,6.900540235790713,7.409187264596751,9.24888128737651
483,7.164216762669022,7.130498477851533,7.093551662077953,6.033626773777652,3.1077574402081405,9.471157745308496,5.694412330593299,10.21864873184721,8.185125337360041,8.75470076347053
484,4.623774791815636,5.114475501381773,9.355343153799897,7.605951365125843,5.832612926064841,5.651896382754254,8.253133022180895,6.6904337921035895,6.76227877528334,8.704003902019327
485,9.060378397296715,7.203535839489315,6.779727293857621,5.612559114108501,9.604794420267725,5.260174446607534,8.958601904627496,5.907520375279464,5.985536124783955,8.805744783012262
486,7.367560657305396,4.320987702438814,5.156743373579338,5.524915678017699,8.620504711546491,7.013044134744824,6.511736784455318,4.493778893729169,4.661677828213763,7.908391222178841
487,8.802999493470802,5.318927650664896,7.8509968362374645,7.147367393611562,6.8809693528717295,7.847337083852372,9.209704419551084,8.36366165445562,8.702877015608555,7.4442397433246645
488,6.3766600475149104,8.828194802698848,5.558520567827613,6.856958063688694,7.013505394893577,8.338227920409743,6.3212681941400355,8.837344970425335,7.398015795644324,8.103870617685597
489,7.960407683681802,5.984381419789981,5.936482721611863,5.973454432199,5.602527486330871,10.164265971569103,5.038461048975522,6.777383011400522,8.770094700800541,7.372705516272157
490,8.85697100947195,9.227580797914477,8.634916081890049,9.61055755911197,10.455096957621057,8.537238229214648,6.832903994531682,3.858436954628132,8.74888690537124,11.144461205184395
491,7.413344912349646,5.917099019265768,7.414211660865248,9.373500184641426,7.241250971737598,9.34387925777916,9.589224855022268,7.157555205718324,5.586187391655704,9.603606561409027
492,7.810583198095735,2.299206894431061,8.442411664880455,7.497762776256773,5.926967201315101,5.803030597163366,5.669015612213497,7.3404637979708225,5.978996042712082,3.256890575716655
493,7.113180355511352,8.903810955733382,1.1090773563351917,9.063270644481776,7.88627534589113,9.10506018238577,6.882725802335327,7.642251307258117,9.549029270691538,9.28278326413636
494,7.349604621208748,7.010631326184202,5.912763580164466,10.551514710181221,7.182727668932596,7.220864651396842,6.717735249022321,5.413907211407559,8.635995316375384,8.015340083743881
495,7.006865088149379,5.7400792395220925,6.097097787762701,9.238555614653755,9.457441655658883,8.36864861181378,9.048024213743386,5.081330034497007,5.4476912134373165,8.307089415322533
496,6.429743221436099,9.900139714474957,5.0892673473453085,5.776991871070177,5.499093677492997,12.204232841522959,8.000158945326787,8.721827134239092,7.657733922950317,5.761814660661783
497,3.064740829467478,8.904067098261427,9.041359823479441,6.876481738175163,9.409789841938387,8.085469664157387,6.773106383318641,8.126486244212614,5.065323801875287,8.604067406517789
498,5.588523129174026,7.965240301163339,7.371002362748698,8.389116774728729,7.568316962396221,6.783938218772528,8.064929006443558,8.12961829958503,10.000612927480073,7.878124312916206
499,4.775334853731293,4.762411382424021,5.768303011207684,7.416662245456277,10.244841583872946,9.33690688352852,6.4274269376675255,5.963182273792351,7.132395647126291,7.449113879232403
