,SNP 1,SNP 2,SNP 3,SNP 4,SNP 5
0,2,0,0,1,2
1,0,0,2,2,2
2,0,1,0,0,2
3,2,1,1,2,1
4,1,2,1,1,0
5,0,2,1,1,0
6,1,0,2,2,1
7,0,2,0,2,2
8,0,2,2,0,0
9,0,2,0,2,1
10,0,1,1,2,1
11,0,0,2,0,2
12,0,0,1,1,0
13,2,1,2,0,0
14,0,2,0,2,2
15,2,2,0,0,2
16,0,2,0,1,0
17,0,2,2,1,1
18,1,1,1,2,1
19,2,2,0,1,1
20,1,0,2,2,2
21,1,0,1,1,1
22,1,1,2,2,2
23,0,2,1,0,0
24,1,1,1,0,1
25,0,1,0,1,0
26,2,2,1,0,1
27,0,2,2,1,1
28,0,1,2,2,0
29,1,0,0,1,1
30,1,2,0,1,2
31,0,2,1,1,2
32,2,0,1,0,1
33,1,0,1,0,0
34,1,2,2,2,2
35,0,0,2,1,2
36,0,1,2,2,0
37,1,1,1,1,1
38,0,0,1,1,1
39,2,1,2,1,0
40,0,2,0,0,0
41,2,2,2,0,2
42,0,2,2,1,2
43,0,1,1,2,1
44,0,2,1,2,2
45,0,2,2,2,0
46,0,0,1,1,0
47,1,1,2,0,0
48,2,1,1,2,1
49,2,2,1,0,2
50,2,1,1,2,1
51,1,2,1,2,0
52,1,2,1,1,1
53,2,2,2,0,1
54,2,2,2,2,2
55,2,0,1,1,1
56,1,0,2,2,0
57,2,1,0,1,0
58,1,1,2,0,0
59,2,2,2,1,1
60,1,1,2,2,1
61,1,2,0,0,2
62,2,2,1,1,2
63,0,2,0,1,1
64,2,1,0,2,0
65,2,2,0,1,1
66,2,1,1,2,1
67,0,2,0,1,0
68,2,2,2,1,1
69,1,1,1,0,1
70,0,2,2,0,2
71,0,0,2,1,1
72,1,1,2,2,1
73,2,2,0,0,1
74,0,1,1,0,0
75,0,2,0,2,2
76,2,1,1,0,1
77,2,2,0,1,1
78,0,1,2,2,0
79,1,1,0,2,2
80,1,1,1,0,0
81,2,2,0,2,1
82,2,1,0,2,2
83,0,0,0,0,0
84,2,2,1,1,0
85,1,2,1,1,1
86,0,1,1,0,2
87,1,1,0,1,2
88,1,2,0,0,1
89,1,1,2,1,2
90,2,1,1,2,0
91,2,2,0,2,2
92,0,1,0,1,2
93,1,2,2,1,0
94,0,2,0,2,0
95,1,1,0,0,0
96,1,0,1,2,1
97,1,0,1,2,2
98,1,2,0,1,0
99,1,0,1,1,2
100,1,2,2,1,0
101,2,1,1,1,1
102,0,2,0,1,0
103,1,2,0,0,0
104,2,1,2,2,1
105,1,1,0,1,1
106,1,2,0,1,0
107,1,1,0,1,1
108,2,0,0,0,0
109,1,0,0,0,1
110,0,0,1,0,0
111,0,1,0,0,0
112,0,1,2,1,1
113,2,0,0,0,1
114,1,1,2,1,2
115,1,2,0,1,0
116,0,0,1,1,0
117,1,2,1,1,1
118,0,2,2,2,1
119,0,1,1,2,2
120,2,0,0,1,0
121,1,2,1,2,2
122,2,2,0,2,0
123,2,2,1,1,0
124,1,1,0,1,1
125,1,2,1,1,0
126,2,1,1,1,1
127,0,2,0,0,1
128,0,2,2,2,0
129,1,2,2,1,2
130,1,1,0,0,0
131,0,1,1,2,0
132,1,1,2,2,2
133,2,0,1,0,1
134,1,2,2,2,0
135,1,2,2,2,1
136,2,0,0,1,1
137,1,1,1,0,1
138,0,1,1,0,2
139,1,1,1,0,2
140,2,0,0,0,2
141,0,0,0,0,0
142,0,2,0,1,0
143,0,2,0,1,0
144,0,2,1,0,0
145,0,0,0,2,1
146,2,1,1,1,1
147,0,1,1,2,1
148,1,2,1,2,0
149,0,2,2,1,0
150,0,1,0,1,1
151,0,1,2,1,2
152,1,2,2,0,0
153,1,2,0,0,1
154,2,0,0,0,2
155,0,2,2,0,0
156,2,1,1,1,1
157,2,0,1,0,0
158,1,0,2,0,1
159,0,2,1,1,0
160,1,0,2,2,2
161,1,1,1,2,1
162,1,0,0,1,0
163,1,2,2,2,1
164,0,0,1,2,2
165,1,0,0,2,2
166,1,1,1,2,2
167,1,0,1,0,1
168,1,2,1,1,1
169,1,1,1,2,1
170,2,1,2,2,0
171,2,0,2,0,0
172,0,0,0,0,2
173,1,1,0,2,0
174,0,2,1,1,2
175,2,0,0,1,1
176,0,2,2,2,0
177,1,2,2,2,1
178,2,0,2,1,0
179,0,0,2,1,0
180,0,0,0,0,2
181,0,0,2,0,0
182,1,1,2,1,1
183,2,2,1,2,0
184,0,2,2,0,1
185,0,2,1,1,0
186,1,1,0,0,2
187,1,0,2,1,0
188,2,0,1,2,2
189,2,2,1,0,2
190,0,1,1,0,1
191,2,2,2,2,0
192,1,2,1,0,0
193,0,0,2,2,0
194,2,1,2,2,2
195,0,0,0,0,1
196,1,2,1,2,2
197,0,0,0,0,2
198,0,1,1,2,1
199,0,2,1,1,2
200,2,0,1,2,2
201,2,1,0,1,2
202,2,1,0,0,2
203,0,0,2,0,0
204,1,0,2,2,0
205,2,0,2,1,1
206,1,2,2,0,0
207,0,1,1,0,0
208,1,1,0,2,2
209,1,2,1,0,1
210,1,0,0,0,1
211,1,2,1,2,0
212,2,0,0,0,1
213,0,2,2,2,2
214,1,1,2,0,0
215,0,0,2,0,2
216,2,1,0,2,0
217,0,0,1,1,1
218,1,2,0,0,0
219,0,2,0,2,1
220,2,1,2,0,1
221,2,2,0,1,1
222,0,0,0,0,0
223,0,0,2,0,1
224,1,2,2,1,1
225,0,1,1,2,1
226,0,1,0,1,0
227,0,1,1,1,2
228,1,2,1,1,2
229,0,2,0,0,0
230,1,2,1,0,1
231,1,1,2,2,0
232,2,2,0,2,0
233,1,2,0,1,0
234,2,0,0,2,1
235,1,2,2,2,2
236,0,1,0,1,2
237,2,2,1,0,0
238,1,0,2,1,1
239,0,2,1,2,1
240,1,1,2,0,0
241,2,2,0,0,2
242,2,2,1,0,2
243,2,0,1,0,1
244,0,2,1,0,2
245,1,0,0,1,2
246,0,0,0,0,0
247,2,2,0,2,0
248,0,1,1,2,0
249,0,1,2,1,0
250,2,1,0,1,0
251,2,2,1,2,1
252,0,0,2,0,2
253,1,1,1,0,1
254,2,0,1,0,2
255,2,1,0,1,0
256,2,0,1,2,2
257,1,0,1,2,1
258,2,1,0,1,2
259,0,0,2,0,1
260,1,2,1,0,0
261,2,1,0,2,0
262,1,2,1,1,0
263,2,0,1,1,1
264,1,1,0,0,0
265,0,2,0,1,2
266,0,1,2,1,2
267,2,1,0,2,0
268,2,2,2,1,1
269,0,1,1,1,2
270,2,2,1,0,0
271,1,1,1,1,0
272,1,1,1,1,0
273,0,2,2,1,1
274,0,0,1,1,1
275,2,1,1,1,1
276,2,0,2,1,2
277,1,0,1,0,2
278,2,1,2,2,1
279,2,0,0,0,2
280,1,1,0,1,2
281,1,1,2,2,1
282,1,0,0,1,1
283,1,2,0,1,1
284,0,1,2,2,1
285,2,1,1,0,2
286,2,0,2,0,2
287,1,1,1,1,1
288,2,0,1,1,1
289,2,2,2,1,0
290,2,0,2,2,0
291,1,2,2,1,0
292,2,1,0,1,2
293,2,0,1,0,1
294,2,1,2,2,2
295,2,2,1,0,2
296,1,2,1,1,0
297,2,0,0,2,0
298,0,1,1,0,0
299,0,2,1,1,0
300,0,2,1,0,0
301,1,0,1,0,1
302,1,0,1,1,1
303,2,2,0,0,1
304,2,0,2,1,2
305,2,1,0,0,0
306,0,1,2,2,2
307,1,0,1,2,2
308,0,2,1,1,1
309,0,0,1,2,0
310,2,2,0,0,2
311,0,2,2,2,1
312,0,1,2,0,2
313,0,1,0,1,1
314,2,1,0,2,1
315,2,1,0,2,0
316,1,0,0,2,0
317,2,1,0,2,1
318,0,0,2,2,1
319,2,0,1,2,0
320,0,1,2,2,1
321,0,1,0,1,2
322,0,0,0,1,2
323,1,2,2,0,0
324,1,1,1,1,1
325,0,1,1,1,2
326,0,0,1,0,2
327,1,0,2,1,1
328,0,1,0,0,0
329,1,2,1,2,0
330,2,0,1,2,1
331,0,2,0,1,2
332,1,1,1,1,1
333,0,0,2,2,2
334,0,2,2,2,2
335,2,2,0,1,0
336,2,1,2,0,1
337,2,0,0,0,0
338,2,1,1,1,1
339,0,2,0,1,0
340,2,1,2,0,2
341,1,0,0,0,2
342,1,1,0,0,2
343,1,2,1,2,2
344,2,0,2,1,0
345,0,2,1,0,0
346,2,0,1,0,1
347,2,1,0,0,2
348,0,0,2,2,1
349,0,1,1,0,0
350,0,1,2,1,0
351,1,1,2,2,2
352,2,0,1,0,0
353,2,1,1,0,2
354,0,0,0,2,2
355,2,2,0,0,0
356,2,0,0,0,0
357,0,1,1,1,1
358,1,1,1,2,1
359,1,0,1,1,1
360,1,0,1,2,2
361,2,2,0,2,0
362,2,2,0,2,2
363,2,2,0,1,0
364,2,0,1,1,1
365,0,1,0,2,2
366,0,1,2,1,0
367,2,2,2,2,1
368,1,2,1,0,1
369,1,0,1,2,2
370,2,2,0,0,2
371,2,2,0,0,2
372,2,0,1,1,1
373,2,2,2,1,1
374,1,1,2,2,0
375,1,2,1,2,2
376,0,0,2,2,2
377,1,0,1,0,2
378,1,2,0,0,1
379,0,2,1,1,1
380,2,1,0,1,0
381,1,2,0,1,0
382,0,2,2,1,0
383,1,2,1,2,2
384,0,2,0,0,1
385,2,0,0,2,0
386,0,0,2,2,1
387,2,1,2,0,0
388,1,1,0,2,2
389,0,1,1,1,0
390,1,2,0,2,1
391,2,0,2,2,2
392,2,0,2,0,2
393,0,2,2,2,1
394,0,1,0,0,0
395,1,1,1,1,2
396,1,0,2,1,1
397,0,2,2,1,0
398,2,2,0,2,0
399,1,1,1,1,2
400,2,0,0,2,1
401,0,0,1,0,0
402,2,1,0,0,1
403,2,0,1,1,1
404,2,1,2,0,1
405,2,0,1,0,0
406,1,2,1,0,0
407,0,0,1,1,0
408,0,1,0,0,1
409,1,1,0,1,0
410,0,2,1,2,1
411,0,0,1,2,2
412,0,1,1,1,0
413,2,0,1,0,2
414,0,0,0,1,2
415,1,2,0,2,2
416,2,2,2,0,0
417,0,2,2,0,2
418,1,0,2,2,0
419,0,1,1,0,2
420,0,0,1,0,0
421,2,1,2,0,0
422,1,0,0,0,0
423,0,2,1,2,1
424,1,0,0,0,2
425,2,0,0,1,2
426,2,2,1,0,2
427,2,2,1,1,1
428,2,1,0,1,0
429,0,1,1,0,2
430,0,1,1,0,1
431,1,2,0,1,1
432,2,0,0,2,2
433,0,2,0,1,0
434,0,0,0,0,1
435,0,1,2,0,1
436,1,1,0,2,2
437,2,2,1,1,2
438,2,2,2,2,1
439,0,2,1,0,0
440,1,2,0,1,2
441,2,1,1,0,1
442,1,0,0,2,2
443,1,2,2,2,0
444,0,0,2,2,2
445,0,2,2,0,0
446,2,2,1,0,2
447,2,0,1,0,2
448,1,0,0,2,1
449,2,0,1,1,1
450,2,1,2,0,1
451,1,0,0,1,1
452,1,0,1,1,1
453,0,2,0,0,2
454,1,0,0,1,1
455,1,0,0,2,2
456,1,0,2,0,0
457,0,2,1,1,0
458,2,2,2,2,2
459,2,1,1,0,1
460,0,1,0,1,0
461,0,0,2,1,0
462,2,0,2,0,1
463,1,1,0,2,0
464,0,0,0,0,1
465,2,1,1,0,1
466,2,1,2,2,2
467,0,2,2,0,0
468,0,2,1,2,2
469,0,0,1,0,0
470,0,1,2,0,1
471,0,2,0,2,2
472,0,2,0,0,1
473,0,2,2,2,1
474,1,2,2,2,1
475,1,1,1,1,1
476,1,0,2,1,1
477,1,1,2,2,2
478,1,0,0,2,1
479,2,0,2,2,0
480,0,2,2,1,2
481,0,1,0,1,1
482,1,0,0,2,0
483,1,1,1,2,0
484,2,1,1,0,0
485,0,0,1,2,2
486,1,2,0,1,2
487,0,1,0,0,1
488,2,1,2,0,2
489,0,1,1,0,2
490,0,2,1,0,1
491,0,0,0,0,0
492,1,0,2,0,2
493,1,2,1,0,1
494,1,0,0,0,1
495,2,0,2,2,0
496,0,0,2,1,0
497,2,1,0,0,0
498,1,1,2,2,1
499,2,1,1,1,0
